ID,Req. Timestamp,Resp. Timestamp,Method,URL,Code,Reason,RTT,Size Resp. Header,Size Resp. Body
20,Sun Oct 06 22:46:58 IST 2024,Sun Oct 06 22:46:58 IST 2024,GET,http://localhost:3000/7609168166718544469,404,Not Found,9,364,60
22,Sun Oct 06 22:46:58 IST 2024,Sun Oct 06 22:46:58 IST 2024,GET,http://localhost:3000/users/4593741703177174889,403,Forbidden,429,602,25
24,Sun Oct 06 22:46:58 IST 2024,Sun Oct 06 22:46:58 IST 2024,POST,http://localhost:3000/login,402,Payment Required,6,609,76
25,Sun Oct 06 22:46:58 IST 2024,Sun Oct 06 22:46:58 IST 2024,POST,http://localhost:3000/login,402,Payment Required,4,609,76
26,Sun Oct 06 22:46:58 IST 2024,Sun Oct 06 22:46:58 IST 2024,POST,http://localhost:3000/login,402,Payment Required,4,609,76
27,Sun Oct 06 22:46:58 IST 2024,Sun Oct 06 22:46:58 IST 2024,POST,http://localhost:3000/login,402,Payment Required,4,609,76
28,Sun Oct 06 22:46:58 IST 2024,Sun Oct 06 22:46:58 IST 2024,POST,http://localhost:3000/login,402,Payment Required,5,609,76
29,Sun Oct 06 22:46:58 IST 2024,Sun Oct 06 22:46:58 IST 2024,POST,http://localhost:3000/login,402,Payment Required,6,609,76
30,Sun Oct 06 22:46:58 IST 2024,Sun Oct 06 22:46:58 IST 2024,POST,http://localhost:3000/login,402,Payment Required,5,609,76
31,Sun Oct 06 22:46:58 IST 2024,Sun Oct 06 22:46:58 IST 2024,POST,http://localhost:3000/login,402,Payment Required,7,609,76
32,Sun Oct 06 22:46:58 IST 2024,Sun Oct 06 22:46:58 IST 2024,POST,http://localhost:3000/login,402,Payment Required,5,609,76
33,Sun Oct 06 22:46:58 IST 2024,Sun Oct 06 22:46:58 IST 2024,POST,http://localhost:3000/login,402,Payment Required,4,609,76
34,Sun Oct 06 22:46:58 IST 2024,Sun Oct 06 22:46:58 IST 2024,POST,http://localhost:3000/login,402,Payment Required,6,609,76
35,Sun Oct 06 22:46:58 IST 2024,Sun Oct 06 22:46:58 IST 2024,POST,http://localhost:3000/login,402,Payment Required,4,609,76
36,Sun Oct 06 22:46:58 IST 2024,Sun Oct 06 22:46:58 IST 2024,POST,http://localhost:3000/login,402,Payment Required,4,609,76
37,Sun Oct 06 22:46:58 IST 2024,Sun Oct 06 22:46:58 IST 2024,POST,http://localhost:3000/login,402,Payment Required,5,609,76
38,Sun Oct 06 22:46:58 IST 2024,Sun Oct 06 22:46:58 IST 2024,POST,http://localhost:3000/login,402,Payment Required,5,609,76
39,Sun Oct 06 22:46:58 IST 2024,Sun Oct 06 22:46:58 IST 2024,POST,http://localhost:3000/login,402,Payment Required,6,609,76
40,Sun Oct 06 22:46:58 IST 2024,Sun Oct 06 22:46:58 IST 2024,POST,http://localhost:3000/login,402,Payment Required,3,609,76
41,Sun Oct 06 22:46:58 IST 2024,Sun Oct 06 22:46:58 IST 2024,POST,http://localhost:3000/login,402,Payment Required,4,609,76
42,Sun Oct 06 22:46:58 IST 2024,Sun Oct 06 22:46:59 IST 2024,POST,http://localhost:3000/login,401,Unauthorized,79,605,31
43,Sun Oct 06 22:46:59 IST 2024,Sun Oct 06 22:46:59 IST 2024,POST,http://localhost:3000/login,401,Unauthorized,70,605,31
44,Sun Oct 06 22:46:59 IST 2024,Sun Oct 06 22:46:59 IST 2024,POST,http://localhost:3000/login,401,Unauthorized,313,605,31
45,Sun Oct 06 22:46:59 IST 2024,Sun Oct 06 22:46:59 IST 2024,POST,http://localhost:3000/login,401,Unauthorized,68,605,31
46,Sun Oct 06 22:46:59 IST 2024,Sun Oct 06 22:46:59 IST 2024,POST,http://localhost:3000/login,401,Unauthorized,71,605,31
47,Sun Oct 06 22:46:59 IST 2024,Sun Oct 06 22:46:59 IST 2024,POST,http://localhost:3000/login,401,Unauthorized,306,605,31
48,Sun Oct 06 22:46:59 IST 2024,Sun Oct 06 22:46:59 IST 2024,POST,http://localhost:3000/login,402,Payment Required,4,609,84
49,Sun Oct 06 22:46:59 IST 2024,Sun Oct 06 22:47:00 IST 2024,POST,http://localhost:3000/login,401,Unauthorized,93,605,31
50,Sun Oct 06 22:47:00 IST 2024,Sun Oct 06 22:47:00 IST 2024,POST,http://localhost:3000/login,402,Payment Required,4,609,84
51,Sun Oct 06 22:47:00 IST 2024,Sun Oct 06 22:47:00 IST 2024,POST,http://localhost:3000/login,402,Payment Required,6,609,84
52,Sun Oct 06 22:47:00 IST 2024,Sun Oct 06 22:47:00 IST 2024,POST,http://localhost:3000/login,401,Unauthorized,320,605,31
53,Sun Oct 06 22:47:00 IST 2024,Sun Oct 06 22:47:00 IST 2024,POST,http://localhost:3000/login,401,Unauthorized,72,605,31
54,Sun Oct 06 22:47:00 IST 2024,Sun Oct 06 22:47:00 IST 2024,POST,http://localhost:3000/login,401,Unauthorized,71,605,31
55,Sun Oct 06 22:47:00 IST 2024,Sun Oct 06 22:47:00 IST 2024,POST,http://localhost:3000/login,401,Unauthorized,312,605,31
56,Sun Oct 06 22:47:00 IST 2024,Sun Oct 06 22:47:00 IST 2024,POST,http://localhost:3000/login,401,Unauthorized,72,605,31
57,Sun Oct 06 22:47:00 IST 2024,Sun Oct 06 22:47:00 IST 2024,POST,http://localhost:3000/login,402,Payment Required,3,609,84
58,Sun Oct 06 22:47:00 IST 2024,Sun Oct 06 22:47:00 IST 2024,POST,http://localhost:3000/login,402,Payment Required,4,609,84
59,Sun Oct 06 22:47:00 IST 2024,Sun Oct 06 22:47:00 IST 2024,POST,http://localhost:3000/login,402,Payment Required,6,609,84
60,Sun Oct 06 22:47:00 IST 2024,Sun Oct 06 22:47:00 IST 2024,POST,http://localhost:3000/login,402,Payment Required,5,609,76
61,Sun Oct 06 22:47:00 IST 2024,Sun Oct 06 22:47:00 IST 2024,POST,http://localhost:3000/login,402,Payment Required,4,609,76
62,Sun Oct 06 22:47:00 IST 2024,Sun Oct 06 22:47:00 IST 2024,POST,http://localhost:3000/login,402,Payment Required,3,609,76
63,Sun Oct 06 22:47:00 IST 2024,Sun Oct 06 22:47:00 IST 2024,POST,http://localhost:3000/login,402,Payment Required,7,609,76
64,Sun Oct 06 22:47:00 IST 2024,Sun Oct 06 22:47:00 IST 2024,POST,http://localhost:3000/login,402,Payment Required,6,608,76
65,Sun Oct 06 22:47:00 IST 2024,Sun Oct 06 22:47:00 IST 2024,POST,http://localhost:3000/login,402,Payment Required,7,608,76
66,Sun Oct 06 22:47:00 IST 2024,Sun Oct 06 22:47:00 IST 2024,POST,http://localhost:3000/login,402,Payment Required,3,608,76
67,Sun Oct 06 22:47:00 IST 2024,Sun Oct 06 22:47:00 IST 2024,POST,http://localhost:3000/login,402,Payment Required,6,608,76
68,Sun Oct 06 22:47:00 IST 2024,Sun Oct 06 22:47:00 IST 2024,POST,http://localhost:3000/login,402,Payment Required,6,608,76
69,Sun Oct 06 22:47:00 IST 2024,Sun Oct 06 22:47:00 IST 2024,POST,http://localhost:3000/login,402,Payment Required,4,608,76
70,Sun Oct 06 22:47:00 IST 2024,Sun Oct 06 22:47:01 IST 2024,POST,http://localhost:3000/login,401,Unauthorized,73,604,31
71,Sun Oct 06 22:47:01 IST 2024,Sun Oct 06 22:47:01 IST 2024,POST,http://localhost:3000/login,401,Unauthorized,292,604,31
72,Sun Oct 06 22:47:01 IST 2024,Sun Oct 06 22:47:01 IST 2024,POST,http://localhost:3000/login,401,Unauthorized,297,604,31
73,Sun Oct 06 22:47:01 IST 2024,Sun Oct 06 22:47:01 IST 2024,POST,http://localhost:3000/login,401,Unauthorized,290,604,31
74,Sun Oct 06 22:47:01 IST 2024,Sun Oct 06 22:47:01 IST 2024,POST,http://localhost:3000/login,429,Too Many Requests,2,372,58
75,Sun Oct 06 22:47:01 IST 2024,Sun Oct 06 22:47:01 IST 2024,POST,http://localhost:3000/login,429,Too Many Requests,2,372,58
76,Sun Oct 06 22:47:01 IST 2024,Sun Oct 06 22:47:01 IST 2024,POST,http://localhost:3000/login,429,Too Many Requests,2,372,58
77,Sun Oct 06 22:47:01 IST 2024,Sun Oct 06 22:47:01 IST 2024,POST,http://localhost:3000/login,429,Too Many Requests,2,372,58
78,Sun Oct 06 22:47:01 IST 2024,Sun Oct 06 22:47:01 IST 2024,POST,http://localhost:3000/login,429,Too Many Requests,1,372,58
79,Sun Oct 06 22:47:01 IST 2024,Sun Oct 06 22:47:01 IST 2024,POST,http://localhost:3000/login,429,Too Many Requests,2,372,58
80,Sun Oct 06 22:47:01 IST 2024,Sun Oct 06 22:47:01 IST 2024,GET,http://localhost:3000/WEB-INF/web.xml,404,Not Found,24,364,60
81,Sun Oct 06 22:47:01 IST 2024,Sun Oct 06 22:47:02 IST 2024,GET,http://localhost:3000/WEB-INF/applicationContext.xml,404,Not Found,284,364,60
82,Sun Oct 06 22:47:01 IST 2024,Sun Oct 06 22:47:02 IST 2024,GET,http://localhost:3000/users/2?-s,401,Unauthorized,278,414,76
83,Sun Oct 06 22:47:01 IST 2024,Sun Oct 06 22:47:02 IST 2024,GET,http://localhost:3000/login?-s,404,Not Found,281,364,60
84,Sun Oct 06 22:47:02 IST 2024,Sun Oct 06 22:47:02 IST 2024,POST,http://localhost:3000/?-d+allow_url_include%3d1+-d+auto_prepend_file%3dphp://input,404,Not Found,7,364,60
85,Sun Oct 06 22:47:02 IST 2024,Sun Oct 06 22:47:02 IST 2024,POST,http://localhost:3000/login?-d+allow_url_include%3d1+-d+auto_prepend_file%3dphp://input,429,Too Many Requests,9,372,58
86,Sun Oct 06 22:47:02 IST 2024,Sun Oct 06 22:47:02 IST 2024,POST,http://localhost:3000/login?-d+allow_url_include%3d1+-d+auto_prepend_file%3dphp://input,429,Too Many Requests,9,372,58
87,Sun Oct 06 22:47:02 IST 2024,Sun Oct 06 22:47:02 IST 2024,POST,http://localhost:3000/robots.txt?-d+allow_url_include%3d1+-d+auto_prepend_file%3dphp://input,404,Not Found,12,364,60
88,Sun Oct 06 22:47:02 IST 2024,Sun Oct 06 22:47:02 IST 2024,POST,http://localhost:3000/sitemap.xml?-d+allow_url_include%3d1+-d+auto_prepend_file%3dphp://input,404,Not Found,17,364,60
89,Sun Oct 06 22:47:02 IST 2024,Sun Oct 06 22:47:02 IST 2024,POST,http://localhost:3000/?-d+allow_url_include%3d1+-d+auto_prepend_file%3dphp://input,404,Not Found,13,364,60
90,Sun Oct 06 22:47:02 IST 2024,Sun Oct 06 22:47:02 IST 2024,POST,http://localhost:3000/login?-d+allow_url_include%3d1+-d+auto_prepend_file%3dphp://input,429,Too Many Requests,13,372,58
91,Sun Oct 06 22:47:02 IST 2024,Sun Oct 06 22:47:02 IST 2024,POST,http://localhost:3000/login?-d+allow_url_include%3d1+-d+auto_prepend_file%3dphp://input,429,Too Many Requests,14,372,58
92,Sun Oct 06 22:47:02 IST 2024,Sun Oct 06 22:47:02 IST 2024,POST,http://localhost:3000/robots.txt?-d+allow_url_include%3d1+-d+auto_prepend_file%3dphp://input,404,Not Found,13,364,60
93,Sun Oct 06 22:47:02 IST 2024,Sun Oct 06 22:47:02 IST 2024,POST,http://localhost:3000/users?-d+allow_url_include%3d1+-d+auto_prepend_file%3dphp://input,404,Not Found,32,364,60
94,Sun Oct 06 22:47:02 IST 2024,Sun Oct 06 22:47:02 IST 2024,POST,http://localhost:3000/sitemap.xml?-d+allow_url_include%3d1+-d+auto_prepend_file%3dphp://input,404,Not Found,19,364,60
95,Sun Oct 06 22:47:02 IST 2024,Sun Oct 06 22:47:02 IST 2024,POST,http://localhost:3000/users/?-d+allow_url_include%3d1+-d+auto_prepend_file%3dphp://input,404,Not Found,38,364,60
96,Sun Oct 06 22:47:02 IST 2024,Sun Oct 06 22:47:02 IST 2024,POST,http://localhost:3000/users/2?-d+allow_url_include%3d1+-d+auto_prepend_file%3dphp://input,404,Not Found,48,364,60
97,Sun Oct 06 22:47:02 IST 2024,Sun Oct 06 22:47:02 IST 2024,POST,http://localhost:3000/users?-d+allow_url_include%3d1+-d+auto_prepend_file%3dphp://input,404,Not Found,19,364,60
98,Sun Oct 06 22:47:02 IST 2024,Sun Oct 06 22:47:02 IST 2024,POST,http://localhost:3000/users/?-d+allow_url_include%3d1+-d+auto_prepend_file%3dphp://input,404,Not Found,22,364,60
99,Sun Oct 06 22:47:02 IST 2024,Sun Oct 06 22:47:02 IST 2024,POST,http://localhost:3000/users/2?-d+allow_url_include%3d1+-d+auto_prepend_file%3dphp://input,404,Not Found,16,364,60
100,Sun Oct 06 22:47:02 IST 2024,Sun Oct 06 22:47:02 IST 2024,POST,http://localhost:3000/login,429,Too Many Requests,4,372,58
101,Sun Oct 06 22:47:02 IST 2024,Sun Oct 06 22:47:02 IST 2024,POST,http://localhost:3000/login,429,Too Many Requests,3,372,58
102,Sun Oct 06 22:47:02 IST 2024,Sun Oct 06 22:47:02 IST 2024,POST,http://localhost:3000/login,429,Too Many Requests,1,372,58
103,Sun Oct 06 22:47:02 IST 2024,Sun Oct 06 22:47:02 IST 2024,POST,http://localhost:3000/login,429,Too Many Requests,2,372,58
104,Sun Oct 06 22:47:02 IST 2024,Sun Oct 06 22:47:02 IST 2024,POST,http://localhost:3000/login,429,Too Many Requests,2,372,58
105,Sun Oct 06 22:47:02 IST 2024,Sun Oct 06 22:47:02 IST 2024,POST,http://localhost:3000/login,429,Too Many Requests,3,372,58
106,Sun Oct 06 22:47:02 IST 2024,Sun Oct 06 22:47:02 IST 2024,POST,http://localhost:3000/login,429,Too Many Requests,2,372,58
107,Sun Oct 06 22:47:02 IST 2024,Sun Oct 06 22:47:02 IST 2024,POST,http://localhost:3000/login,429,Too Many Requests,3,372,58
108,Sun Oct 06 22:47:02 IST 2024,Sun Oct 06 22:47:02 IST 2024,POST,http://localhost:3000/login,429,Too Many Requests,1,372,58
109,Sun Oct 06 22:47:02 IST 2024,Sun Oct 06 22:47:02 IST 2024,POST,http://localhost:3000/login,429,Too Many Requests,3,372,58
110,Sun Oct 06 22:47:02 IST 2024,Sun Oct 06 22:47:02 IST 2024,POST,http://localhost:3000/login,429,Too Many Requests,2,372,58
111,Sun Oct 06 22:47:02 IST 2024,Sun Oct 06 22:47:02 IST 2024,POST,http://localhost:3000/login,429,Too Many Requests,2,372,58
112,Sun Oct 06 22:47:02 IST 2024,Sun Oct 06 22:47:02 IST 2024,POST,http://localhost:3000/login,429,Too Many Requests,2,372,58
113,Sun Oct 06 22:47:02 IST 2024,Sun Oct 06 22:47:02 IST 2024,POST,http://localhost:3000/login,429,Too Many Requests,2,372,58
114,Sun Oct 06 22:47:02 IST 2024,Sun Oct 06 22:47:02 IST 2024,POST,http://localhost:3000/login,429,Too Many Requests,2,372,58
115,Sun Oct 06 22:47:02 IST 2024,Sun Oct 06 22:47:02 IST 2024,POST,http://localhost:3000/login,429,Too Many Requests,3,372,58
116,Sun Oct 06 22:47:02 IST 2024,Sun Oct 06 22:47:02 IST 2024,POST,http://localhost:3000/login,429,Too Many Requests,2,372,58
117,Sun Oct 06 22:47:02 IST 2024,Sun Oct 06 22:47:02 IST 2024,POST,http://localhost:3000/login,429,Too Many Requests,2,372,58
118,Sun Oct 06 22:47:02 IST 2024,Sun Oct 06 22:47:02 IST 2024,POST,http://localhost:3000/login,429,Too Many Requests,3,372,58
119,Sun Oct 06 22:47:02 IST 2024,Sun Oct 06 22:47:02 IST 2024,POST,http://localhost:3000/login,429,Too Many Requests,3,372,58
120,Sun Oct 06 22:47:02 IST 2024,Sun Oct 06 22:47:02 IST 2024,POST,http://localhost:3000/login,429,Too Many Requests,2,372,58
121,Sun Oct 06 22:47:02 IST 2024,Sun Oct 06 22:47:02 IST 2024,POST,http://localhost:3000/login,429,Too Many Requests,1,372,58
122,Sun Oct 06 22:47:02 IST 2024,Sun Oct 06 22:47:02 IST 2024,POST,http://localhost:3000/login,429,Too Many Requests,1,372,58
123,Sun Oct 06 22:47:02 IST 2024,Sun Oct 06 22:47:02 IST 2024,POST,http://localhost:3000/login,429,Too Many Requests,2,372,58
124,Sun Oct 06 22:47:02 IST 2024,Sun Oct 06 22:47:02 IST 2024,POST,http://localhost:3000/login,429,Too Many Requests,2,372,58
125,Sun Oct 06 22:47:02 IST 2024,Sun Oct 06 22:47:02 IST 2024,POST,http://localhost:3000/login,429,Too Many Requests,2,372,58
126,Sun Oct 06 22:47:02 IST 2024,Sun Oct 06 22:47:02 IST 2024,POST,http://localhost:3000/login,429,Too Many Requests,1,372,58
127,Sun Oct 06 22:47:02 IST 2024,Sun Oct 06 22:47:02 IST 2024,POST,http://localhost:3000/login,429,Too Many Requests,2,372,58
128,Sun Oct 06 22:47:02 IST 2024,Sun Oct 06 22:47:02 IST 2024,POST,http://localhost:3000/login,429,Too Many Requests,2,372,58
129,Sun Oct 06 22:47:02 IST 2024,Sun Oct 06 22:47:02 IST 2024,POST,http://localhost:3000/login,429,Too Many Requests,2,372,58
130,Sun Oct 06 22:47:02 IST 2024,Sun Oct 06 22:47:02 IST 2024,POST,http://localhost:3000/login,429,Too Many Requests,2,372,58
131,Sun Oct 06 22:47:02 IST 2024,Sun Oct 06 22:47:02 IST 2024,POST,http://localhost:3000/login,429,Too Many Requests,3,372,58
132,Sun Oct 06 22:47:02 IST 2024,Sun Oct 06 22:47:02 IST 2024,POST,http://localhost:3000/login,429,Too Many Requests,2,372,58
133,Sun Oct 06 22:47:02 IST 2024,Sun Oct 06 22:47:02 IST 2024,POST,http://localhost:3000/login,429,Too Many Requests,2,372,58
134,Sun Oct 06 22:47:02 IST 2024,Sun Oct 06 22:47:02 IST 2024,POST,http://localhost:3000/login,429,Too Many Requests,1,372,58
135,Sun Oct 06 22:47:02 IST 2024,Sun Oct 06 22:47:02 IST 2024,POST,http://localhost:3000/login,429,Too Many Requests,2,372,58
136,Sun Oct 06 22:47:02 IST 2024,Sun Oct 06 22:47:02 IST 2024,POST,http://localhost:3000/login,429,Too Many Requests,2,372,58
137,Sun Oct 06 22:47:02 IST 2024,Sun Oct 06 22:47:02 IST 2024,POST,http://localhost:3000/login,429,Too Many Requests,2,372,58
138,Sun Oct 06 22:47:02 IST 2024,Sun Oct 06 22:47:02 IST 2024,POST,http://localhost:3000/login,429,Too Many Requests,2,372,58
139,Sun Oct 06 22:47:02 IST 2024,Sun Oct 06 22:47:02 IST 2024,GET,http://localhost:3000,404,Not Found,5,364,60
140,Sun Oct 06 22:47:02 IST 2024,Sun Oct 06 22:47:02 IST 2024,GET,http://localhost:3000/login,404,Not Found,8,364,60
141,Sun Oct 06 22:47:02 IST 2024,Sun Oct 06 22:47:02 IST 2024,GET,http://localhost:3000/robots.txt,404,Not Found,10,364,60
142,Sun Oct 06 22:47:02 IST 2024,Sun Oct 06 22:47:02 IST 2024,GET,http://localhost:3000/sitemap.xml,404,Not Found,11,364,60
143,Sun Oct 06 22:47:02 IST 2024,Sun Oct 06 22:47:02 IST 2024,GET,http://localhost:3000/users,404,Not Found,12,364,60
144,Sun Oct 06 22:47:02 IST 2024,Sun Oct 06 22:47:02 IST 2024,GET,http://localhost:3000/users/,429,Too Many Requests,32,372,58
145,Sun Oct 06 22:47:02 IST 2024,Sun Oct 06 22:47:02 IST 2024,GET,http://localhost:3000/users/2,429,Too Many Requests,39,372,58
146,Sun Oct 06 22:47:02 IST 2024,Sun Oct 06 22:47:02 IST 2024,POST,http://localhost:3000/login,429,Too Many Requests,3,372,58
147,Sun Oct 06 22:47:02 IST 2024,Sun Oct 06 22:47:02 IST 2024,POST,http://localhost:3000/login,429,Too Many Requests,2,372,58
148,Sun Oct 06 22:47:02 IST 2024,Sun Oct 06 22:47:02 IST 2024,POST,http://localhost:3000/login,429,Too Many Requests,2,372,58
149,Sun Oct 06 22:47:02 IST 2024,Sun Oct 06 22:47:02 IST 2024,POST,http://localhost:3000/login,429,Too Many Requests,1,372,58
150,Sun Oct 06 22:47:02 IST 2024,Sun Oct 06 22:47:02 IST 2024,POST,http://localhost:3000/login,429,Too Many Requests,3,372,58
151,Sun Oct 06 22:47:02 IST 2024,Sun Oct 06 22:47:02 IST 2024,POST,http://localhost:3000/login,429,Too Many Requests,2,372,58
152,Sun Oct 06 22:47:02 IST 2024,Sun Oct 06 22:47:02 IST 2024,POST,http://localhost:3000/login,429,Too Many Requests,2,372,58
153,Sun Oct 06 22:47:02 IST 2024,Sun Oct 06 22:47:02 IST 2024,POST,http://localhost:3000/login,429,Too Many Requests,2,372,58
154,Sun Oct 06 22:47:02 IST 2024,Sun Oct 06 22:47:02 IST 2024,POST,http://localhost:3000/login,429,Too Many Requests,2,372,58
155,Sun Oct 06 22:47:02 IST 2024,Sun Oct 06 22:47:02 IST 2024,POST,http://localhost:3000/login,429,Too Many Requests,2,372,58
156,Sun Oct 06 22:47:02 IST 2024,Sun Oct 06 22:47:02 IST 2024,POST,http://localhost:3000/login,429,Too Many Requests,2,372,58
157,Sun Oct 06 22:47:02 IST 2024,Sun Oct 06 22:47:02 IST 2024,POST,http://localhost:3000/login,429,Too Many Requests,3,372,58
158,Sun Oct 06 22:47:02 IST 2024,Sun Oct 06 22:47:02 IST 2024,POST,http://localhost:3000/login,429,Too Many Requests,2,372,58
159,Sun Oct 06 22:47:02 IST 2024,Sun Oct 06 22:47:02 IST 2024,POST,http://localhost:3000/login,429,Too Many Requests,2,372,58
160,Sun Oct 06 22:47:02 IST 2024,Sun Oct 06 22:47:02 IST 2024,POST,http://localhost:3000/login,429,Too Many Requests,3,372,58
161,Sun Oct 06 22:47:02 IST 2024,Sun Oct 06 22:47:02 IST 2024,POST,http://localhost:3000/login,429,Too Many Requests,2,372,58
162,Sun Oct 06 22:47:02 IST 2024,Sun Oct 06 22:47:02 IST 2024,POST,http://localhost:3000/login,429,Too Many Requests,2,372,58
163,Sun Oct 06 22:47:02 IST 2024,Sun Oct 06 22:47:02 IST 2024,POST,http://localhost:3000/login,429,Too Many Requests,3,372,58
164,Sun Oct 06 22:47:02 IST 2024,Sun Oct 06 22:47:02 IST 2024,POST,http://localhost:3000/login,429,Too Many Requests,2,372,58
165,Sun Oct 06 22:47:02 IST 2024,Sun Oct 06 22:47:02 IST 2024,POST,http://localhost:3000/login,429,Too Many Requests,2,372,58
166,Sun Oct 06 22:47:02 IST 2024,Sun Oct 06 22:47:02 IST 2024,POST,http://localhost:3000/login,429,Too Many Requests,2,372,58
167,Sun Oct 06 22:47:02 IST 2024,Sun Oct 06 22:47:02 IST 2024,POST,http://localhost:3000/login,429,Too Many Requests,1,372,58
168,Sun Oct 06 22:47:02 IST 2024,Sun Oct 06 22:47:02 IST 2024,POST,http://localhost:3000/login,429,Too Many Requests,2,372,58
169,Sun Oct 06 22:47:02 IST 2024,Sun Oct 06 22:47:02 IST 2024,POST,http://localhost:3000/login,429,Too Many Requests,2,372,58
170,Sun Oct 06 22:47:02 IST 2024,Sun Oct 06 22:47:02 IST 2024,POST,http://localhost:3000/login,429,Too Many Requests,2,372,58
171,Sun Oct 06 22:47:02 IST 2024,Sun Oct 06 22:47:02 IST 2024,POST,http://localhost:3000/login,429,Too Many Requests,1,372,58
172,Sun Oct 06 22:47:02 IST 2024,Sun Oct 06 22:47:02 IST 2024,POST,http://localhost:3000/login,429,Too Many Requests,2,372,58
173,Sun Oct 06 22:47:02 IST 2024,Sun Oct 06 22:47:02 IST 2024,POST,http://localhost:3000/login,429,Too Many Requests,2,372,58
174,Sun Oct 06 22:47:02 IST 2024,Sun Oct 06 22:47:02 IST 2024,POST,http://localhost:3000/login,429,Too Many Requests,2,372,58
175,Sun Oct 06 22:47:02 IST 2024,Sun Oct 06 22:47:02 IST 2024,POST,http://localhost:3000/login,429,Too Many Requests,1,372,58
176,Sun Oct 06 22:47:02 IST 2024,Sun Oct 06 22:47:02 IST 2024,POST,http://localhost:3000/login,429,Too Many Requests,1,372,58
177,Sun Oct 06 22:47:02 IST 2024,Sun Oct 06 22:47:02 IST 2024,POST,http://localhost:3000/login,429,Too Many Requests,2,372,58
178,Sun Oct 06 22:47:02 IST 2024,Sun Oct 06 22:47:02 IST 2024,POST,http://localhost:3000/login,429,Too Many Requests,2,372,58
179,Sun Oct 06 22:47:02 IST 2024,Sun Oct 06 22:47:02 IST 2024,POST,http://localhost:3000/login,429,Too Many Requests,1,372,58
180,Sun Oct 06 22:47:02 IST 2024,Sun Oct 06 22:47:02 IST 2024,POST,http://localhost:3000/login,429,Too Many Requests,3,372,58
181,Sun Oct 06 22:47:02 IST 2024,Sun Oct 06 22:47:02 IST 2024,POST,http://localhost:3000/login,429,Too Many Requests,1,372,58
182,Sun Oct 06 22:47:02 IST 2024,Sun Oct 06 22:47:02 IST 2024,POST,http://localhost:3000/login,429,Too Many Requests,2,372,58
183,Sun Oct 06 22:47:02 IST 2024,Sun Oct 06 22:47:02 IST 2024,POST,http://localhost:3000/login,429,Too Many Requests,2,372,58
184,Sun Oct 06 22:47:02 IST 2024,Sun Oct 06 22:47:02 IST 2024,POST,http://localhost:3000/login,429,Too Many Requests,2,372,58
185,Sun Oct 06 22:47:02 IST 2024,Sun Oct 06 22:47:02 IST 2024,POST,http://localhost:3000/login,429,Too Many Requests,2,372,58
186,Sun Oct 06 22:47:02 IST 2024,Sun Oct 06 22:47:02 IST 2024,POST,http://localhost:3000/login,429,Too Many Requests,2,372,58
187,Sun Oct 06 22:47:02 IST 2024,Sun Oct 06 22:47:02 IST 2024,POST,http://localhost:3000/login,429,Too Many Requests,2,372,58
188,Sun Oct 06 22:47:02 IST 2024,Sun Oct 06 22:47:02 IST 2024,POST,http://localhost:3000/login,429,Too Many Requests,2,372,58
189,Sun Oct 06 22:47:02 IST 2024,Sun Oct 06 22:47:02 IST 2024,POST,http://localhost:3000/login,429,Too Many Requests,2,372,58
190,Sun Oct 06 22:47:02 IST 2024,Sun Oct 06 22:47:02 IST 2024,POST,http://localhost:3000/login,429,Too Many Requests,2,372,58
191,Sun Oct 06 22:47:02 IST 2024,Sun Oct 06 22:47:02 IST 2024,POST,http://localhost:3000/login,429,Too Many Requests,2,372,58
192,Sun Oct 06 22:47:02 IST 2024,Sun Oct 06 22:47:02 IST 2024,POST,http://localhost:3000/login,429,Too Many Requests,2,372,58
193,Sun Oct 06 22:47:02 IST 2024,Sun Oct 06 22:47:02 IST 2024,POST,http://localhost:3000/login,429,Too Many Requests,2,372,58
194,Sun Oct 06 22:47:02 IST 2024,Sun Oct 06 22:47:02 IST 2024,POST,http://localhost:3000/login,429,Too Many Requests,2,372,58
195,Sun Oct 06 22:47:02 IST 2024,Sun Oct 06 22:47:02 IST 2024,POST,http://localhost:3000/login,429,Too Many Requests,1,372,58
196,Sun Oct 06 22:47:02 IST 2024,Sun Oct 06 22:47:02 IST 2024,POST,http://localhost:3000/login,429,Too Many Requests,2,372,58
197,Sun Oct 06 22:47:02 IST 2024,Sun Oct 06 22:47:02 IST 2024,POST,http://localhost:3000/login,429,Too Many Requests,2,372,58
198,Sun Oct 06 22:47:02 IST 2024,Sun Oct 06 22:47:02 IST 2024,POST,http://localhost:3000/login,429,Too Many Requests,2,372,58
199,Sun Oct 06 22:47:02 IST 2024,Sun Oct 06 22:47:02 IST 2024,POST,http://localhost:3000/login,429,Too Many Requests,2,372,58
200,Sun Oct 06 22:47:02 IST 2024,Sun Oct 06 22:47:02 IST 2024,POST,http://localhost:3000/login,429,Too Many Requests,2,372,58
201,Sun Oct 06 22:47:02 IST 2024,Sun Oct 06 22:47:02 IST 2024,POST,http://localhost:3000/login,429,Too Many Requests,4,372,58
202,Sun Oct 06 22:47:02 IST 2024,Sun Oct 06 22:47:02 IST 2024,POST,http://localhost:3000/login,429,Too Many Requests,2,372,58
203,Sun Oct 06 22:47:02 IST 2024,Sun Oct 06 22:47:02 IST 2024,POST,http://localhost:3000/login,429,Too Many Requests,2,372,58
204,Sun Oct 06 22:47:02 IST 2024,Sun Oct 06 22:47:02 IST 2024,POST,http://localhost:3000/login,429,Too Many Requests,1,372,58
205,Sun Oct 06 22:47:02 IST 2024,Sun Oct 06 22:47:02 IST 2024,POST,http://localhost:3000/login,429,Too Many Requests,2,372,58
206,Sun Oct 06 22:47:02 IST 2024,Sun Oct 06 22:47:02 IST 2024,POST,http://localhost:3000/login,429,Too Many Requests,2,372,58
207,Sun Oct 06 22:47:02 IST 2024,Sun Oct 06 22:47:02 IST 2024,POST,http://localhost:3000/login,429,Too Many Requests,2,372,58
208,Sun Oct 06 22:47:02 IST 2024,Sun Oct 06 22:47:02 IST 2024,POST,http://localhost:3000/login,429,Too Many Requests,2,372,58
209,Sun Oct 06 22:47:02 IST 2024,Sun Oct 06 22:47:02 IST 2024,POST,http://localhost:3000/login,429,Too Many Requests,1,372,58
210,Sun Oct 06 22:47:02 IST 2024,Sun Oct 06 22:47:02 IST 2024,POST,http://localhost:3000/login,429,Too Many Requests,2,372,58
211,Sun Oct 06 22:47:02 IST 2024,Sun Oct 06 22:47:02 IST 2024,POST,http://localhost:3000/login,429,Too Many Requests,2,372,58
212,Sun Oct 06 22:47:02 IST 2024,Sun Oct 06 22:47:02 IST 2024,POST,http://localhost:3000/login,429,Too Many Requests,3,372,58
213,Sun Oct 06 22:47:02 IST 2024,Sun Oct 06 22:47:02 IST 2024,POST,http://localhost:3000/login,429,Too Many Requests,2,372,58
214,Sun Oct 06 22:47:02 IST 2024,Sun Oct 06 22:47:02 IST 2024,POST,http://localhost:3000/login,429,Too Many Requests,1,372,58
215,Sun Oct 06 22:47:02 IST 2024,Sun Oct 06 22:47:02 IST 2024,POST,http://localhost:3000/login,429,Too Many Requests,3,372,58
216,Sun Oct 06 22:47:02 IST 2024,Sun Oct 06 22:47:02 IST 2024,POST,http://localhost:3000/login,429,Too Many Requests,2,372,58
217,Sun Oct 06 22:47:02 IST 2024,Sun Oct 06 22:47:02 IST 2024,POST,http://localhost:3000/login,429,Too Many Requests,2,372,58
218,Sun Oct 06 22:47:02 IST 2024,Sun Oct 06 22:47:02 IST 2024,POST,http://localhost:3000/login,429,Too Many Requests,3,372,58
219,Sun Oct 06 22:47:02 IST 2024,Sun Oct 06 22:47:02 IST 2024,POST,http://localhost:3000/login,429,Too Many Requests,2,372,58
220,Sun Oct 06 22:47:02 IST 2024,Sun Oct 06 22:47:02 IST 2024,POST,http://localhost:3000/login,429,Too Many Requests,2,372,58
221,Sun Oct 06 22:47:02 IST 2024,Sun Oct 06 22:47:02 IST 2024,POST,http://localhost:3000/login,429,Too Many Requests,2,372,58
222,Sun Oct 06 22:47:02 IST 2024,Sun Oct 06 22:47:02 IST 2024,POST,http://localhost:3000/login,429,Too Many Requests,3,372,58
223,Sun Oct 06 22:47:02 IST 2024,Sun Oct 06 22:47:02 IST 2024,POST,http://localhost:3000/login,429,Too Many Requests,2,372,58
224,Sun Oct 06 22:47:02 IST 2024,Sun Oct 06 22:47:02 IST 2024,POST,http://localhost:3000/login,429,Too Many Requests,2,372,58
225,Sun Oct 06 22:47:02 IST 2024,Sun Oct 06 22:47:02 IST 2024,POST,http://localhost:3000/login,429,Too Many Requests,2,372,58
226,Sun Oct 06 22:47:02 IST 2024,Sun Oct 06 22:47:02 IST 2024,POST,http://localhost:3000/login,429,Too Many Requests,2,372,58
227,Sun Oct 06 22:47:02 IST 2024,Sun Oct 06 22:47:02 IST 2024,POST,http://localhost:3000/login,429,Too Many Requests,2,372,58
228,Sun Oct 06 22:47:02 IST 2024,Sun Oct 06 22:47:02 IST 2024,POST,http://localhost:3000/login,429,Too Many Requests,2,372,58
229,Sun Oct 06 22:47:02 IST 2024,Sun Oct 06 22:47:02 IST 2024,POST,http://localhost:3000/login,429,Too Many Requests,1,372,58
230,Sun Oct 06 22:47:02 IST 2024,Sun Oct 06 22:47:02 IST 2024,POST,http://localhost:3000/login,429,Too Many Requests,2,372,58
231,Sun Oct 06 22:47:02 IST 2024,Sun Oct 06 22:47:02 IST 2024,POST,http://localhost:3000/login,429,Too Many Requests,3,372,58
232,Sun Oct 06 22:47:02 IST 2024,Sun Oct 06 22:47:02 IST 2024,POST,http://localhost:3000/login,429,Too Many Requests,2,372,58
233,Sun Oct 06 22:47:02 IST 2024,Sun Oct 06 22:47:02 IST 2024,POST,http://localhost:3000/login,429,Too Many Requests,2,372,58
234,Sun Oct 06 22:47:02 IST 2024,Sun Oct 06 22:47:02 IST 2024,POST,http://localhost:3000/login,429,Too Many Requests,2,372,58
235,Sun Oct 06 22:47:02 IST 2024,Sun Oct 06 22:47:02 IST 2024,POST,http://localhost:3000/login,429,Too Many Requests,1,372,58
236,Sun Oct 06 22:47:02 IST 2024,Sun Oct 06 22:47:02 IST 2024,POST,http://localhost:3000/login,429,Too Many Requests,3,372,58
237,Sun Oct 06 22:47:02 IST 2024,Sun Oct 06 22:47:02 IST 2024,POST,http://localhost:3000/login,429,Too Many Requests,2,372,58
238,Sun Oct 06 22:47:02 IST 2024,Sun Oct 06 22:47:02 IST 2024,POST,http://localhost:3000/login,429,Too Many Requests,4,372,58
239,Sun Oct 06 22:47:02 IST 2024,Sun Oct 06 22:47:02 IST 2024,POST,http://localhost:3000/login,429,Too Many Requests,2,372,58
240,Sun Oct 06 22:47:02 IST 2024,Sun Oct 06 22:47:02 IST 2024,POST,http://localhost:3000/login,429,Too Many Requests,2,372,58
241,Sun Oct 06 22:47:02 IST 2024,Sun Oct 06 22:47:02 IST 2024,POST,http://localhost:3000/login,429,Too Many Requests,1,372,58
242,Sun Oct 06 22:47:02 IST 2024,Sun Oct 06 22:47:02 IST 2024,POST,http://localhost:3000/login,429,Too Many Requests,3,372,58
243,Sun Oct 06 22:47:02 IST 2024,Sun Oct 06 22:47:02 IST 2024,POST,http://localhost:3000/login,429,Too Many Requests,1,372,58
244,Sun Oct 06 22:47:02 IST 2024,Sun Oct 06 22:47:02 IST 2024,POST,http://localhost:3000/login,429,Too Many Requests,2,372,58
245,Sun Oct 06 22:47:02 IST 2024,Sun Oct 06 22:47:02 IST 2024,POST,http://localhost:3000/login,429,Too Many Requests,3,372,58
246,Sun Oct 06 22:47:02 IST 2024,Sun Oct 06 22:47:02 IST 2024,POST,http://localhost:3000/login,429,Too Many Requests,1,372,58
247,Sun Oct 06 22:47:02 IST 2024,Sun Oct 06 22:47:02 IST 2024,POST,http://localhost:3000/login,429,Too Many Requests,2,372,58
248,Sun Oct 06 22:47:02 IST 2024,Sun Oct 06 22:47:02 IST 2024,POST,http://localhost:3000/login,429,Too Many Requests,2,372,58
249,Sun Oct 06 22:47:02 IST 2024,Sun Oct 06 22:47:02 IST 2024,POST,http://localhost:3000/login,429,Too Many Requests,2,372,58
250,Sun Oct 06 22:47:02 IST 2024,Sun Oct 06 22:47:02 IST 2024,POST,http://localhost:3000/login,429,Too Many Requests,2,372,58
251,Sun Oct 06 22:47:02 IST 2024,Sun Oct 06 22:47:02 IST 2024,POST,http://localhost:3000/login,429,Too Many Requests,2,372,58
252,Sun Oct 06 22:47:02 IST 2024,Sun Oct 06 22:47:02 IST 2024,POST,http://localhost:3000/login,429,Too Many Requests,2,372,58
253,Sun Oct 06 22:47:02 IST 2024,Sun Oct 06 22:47:02 IST 2024,POST,http://localhost:3000/login,429,Too Many Requests,2,372,58
254,Sun Oct 06 22:47:02 IST 2024,Sun Oct 06 22:47:02 IST 2024,POST,http://localhost:3000/login,429,Too Many Requests,2,372,58
255,Sun Oct 06 22:47:02 IST 2024,Sun Oct 06 22:47:02 IST 2024,POST,http://localhost:3000/login,429,Too Many Requests,2,372,58
256,Sun Oct 06 22:47:02 IST 2024,Sun Oct 06 22:47:02 IST 2024,POST,http://localhost:3000/login,429,Too Many Requests,2,372,58
257,Sun Oct 06 22:47:02 IST 2024,Sun Oct 06 22:47:02 IST 2024,POST,http://localhost:3000/login,429,Too Many Requests,2,372,58
258,Sun Oct 06 22:47:02 IST 2024,Sun Oct 06 22:47:02 IST 2024,POST,http://localhost:3000/login,429,Too Many Requests,2,372,58
259,Sun Oct 06 22:47:02 IST 2024,Sun Oct 06 22:47:02 IST 2024,POST,http://localhost:3000/login,429,Too Many Requests,2,372,58
260,Sun Oct 06 22:47:02 IST 2024,Sun Oct 06 22:47:02 IST 2024,POST,http://localhost:3000/login,429,Too Many Requests,3,372,58
261,Sun Oct 06 22:47:02 IST 2024,Sun Oct 06 22:47:02 IST 2024,POST,http://localhost:3000/login,429,Too Many Requests,1,372,58
262,Sun Oct 06 22:47:02 IST 2024,Sun Oct 06 22:47:02 IST 2024,POST,http://localhost:3000/login,429,Too Many Requests,2,372,58
263,Sun Oct 06 22:47:02 IST 2024,Sun Oct 06 22:47:02 IST 2024,POST,http://localhost:3000/login,429,Too Many Requests,3,372,58
264,Sun Oct 06 22:47:02 IST 2024,Sun Oct 06 22:47:02 IST 2024,POST,http://localhost:3000/login,429,Too Many Requests,2,372,58
265,Sun Oct 06 22:47:02 IST 2024,Sun Oct 06 22:47:02 IST 2024,POST,http://localhost:3000/login,429,Too Many Requests,3,372,58
266,Sun Oct 06 22:47:02 IST 2024,Sun Oct 06 22:47:02 IST 2024,POST,http://localhost:3000/login,429,Too Many Requests,2,372,58
267,Sun Oct 06 22:47:02 IST 2024,Sun Oct 06 22:47:02 IST 2024,POST,http://localhost:3000/login,429,Too Many Requests,2,372,58
268,Sun Oct 06 22:47:02 IST 2024,Sun Oct 06 22:47:02 IST 2024,POST,http://localhost:3000/login,429,Too Many Requests,3,372,58
269,Sun Oct 06 22:47:02 IST 2024,Sun Oct 06 22:47:02 IST 2024,POST,http://localhost:3000/login,429,Too Many Requests,2,372,58
270,Sun Oct 06 22:47:02 IST 2024,Sun Oct 06 22:47:02 IST 2024,POST,http://localhost:3000/login,429,Too Many Requests,3,372,58
271,Sun Oct 06 22:47:02 IST 2024,Sun Oct 06 22:47:02 IST 2024,POST,http://localhost:3000/login,429,Too Many Requests,1,372,58
272,Sun Oct 06 22:47:02 IST 2024,Sun Oct 06 22:47:02 IST 2024,POST,http://localhost:3000/login,429,Too Many Requests,23,372,58
273,Sun Oct 06 22:47:02 IST 2024,Sun Oct 06 22:47:02 IST 2024,POST,http://localhost:3000/login,429,Too Many Requests,3,372,58
274,Sun Oct 06 22:47:02 IST 2024,Sun Oct 06 22:47:02 IST 2024,POST,http://localhost:3000/login,429,Too Many Requests,2,372,58
275,Sun Oct 06 22:47:02 IST 2024,Sun Oct 06 22:47:02 IST 2024,POST,http://localhost:3000/login,429,Too Many Requests,2,372,58
276,Sun Oct 06 22:47:02 IST 2024,Sun Oct 06 22:47:02 IST 2024,POST,http://localhost:3000/login,429,Too Many Requests,2,372,58
277,Sun Oct 06 22:47:02 IST 2024,Sun Oct 06 22:47:02 IST 2024,POST,http://localhost:3000/login,429,Too Many Requests,1,372,58
278,Sun Oct 06 22:47:06 IST 2024,Sun Oct 06 22:47:06 IST 2024,GET,http://localhost:3000/login,404,Not Found,17,364,60
279,Sun Oct 06 22:47:06 IST 2024,Sun Oct 06 22:47:06 IST 2024,GET,http://localhost:3000/favicon.ico,404,Not Found,10,364,60
280,Sun Oct 06 22:47:06 IST 2024,Sun Oct 06 22:47:06 IST 2024,GET,http://localhost:3000/login?name=abc,404,Not Found,5,364,60
281,Sun Oct 06 22:47:06 IST 2024,Sun Oct 06 22:47:06 IST 2024,GET,http://localhost:3000/sitemap.xml,404,Not Found,6,364,60
282,Sun Oct 06 22:47:06 IST 2024,Sun Oct 06 22:47:06 IST 2024,GET,http://localhost:3000/favicon.ico,404,Not Found,6,364,60
283,Sun Oct 06 22:47:07 IST 2024,Sun Oct 06 22:47:07 IST 2024,GET,http://localhost:3000/sitemap.xml?name=abc,404,Not Found,6,364,60
284,Sun Oct 06 22:47:07 IST 2024,Sun Oct 06 22:47:07 IST 2024,GET,http://localhost:3000/login,404,Not Found,13,364,60
285,Sun Oct 06 22:47:07 IST 2024,Sun Oct 06 22:47:07 IST 2024,GET,http://localhost:3000/favicon.ico,404,Not Found,7,364,60
286,Sun Oct 06 22:47:08 IST 2024,Sun Oct 06 22:47:08 IST 2024,GET,http://localhost:3000/login?name=abc,404,Not Found,5,364,60
287,Sun Oct 06 22:47:08 IST 2024,Sun Oct 06 22:47:08 IST 2024,GET,http://localhost:3000/robots.txt,404,Not Found,71,364,60
288,Sun Oct 06 22:47:08 IST 2024,Sun Oct 06 22:47:08 IST 2024,GET,http://localhost:3000/favicon.ico,404,Not Found,6,364,60
289,Sun Oct 06 22:47:09 IST 2024,Sun Oct 06 22:47:09 IST 2024,GET,http://localhost:3000/robots.txt?name=abc,404,Not Found,6,364,60
290,Sun Oct 06 22:47:09 IST 2024,Sun Oct 06 22:47:09 IST 2024,GET,http://localhost:3000/,404,Not Found,4,364,60
291,Sun Oct 06 22:47:09 IST 2024,Sun Oct 06 22:47:09 IST 2024,GET,http://localhost:3000/favicon.ico,404,Not Found,6,364,60
292,Sun Oct 06 22:47:10 IST 2024,Sun Oct 06 22:47:10 IST 2024,GET,http://localhost:3000/?name=abc,404,Not Found,11,364,60
293,Sun Oct 06 22:47:10 IST 2024,Sun Oct 06 22:47:10 IST 2024,GET,http://localhost:3000/users/,401,Unauthorized,4,414,76
294,Sun Oct 06 22:47:10 IST 2024,Sun Oct 06 22:47:10 IST 2024,GET,http://localhost:3000/favicon.ico,404,Not Found,5,364,60
295,Sun Oct 06 22:47:10 IST 2024,Sun Oct 06 22:47:10 IST 2024,GET,http://localhost:3000/users/?name=abc,401,Unauthorized,3,414,76
296,Sun Oct 06 22:47:11 IST 2024,Sun Oct 06 22:47:11 IST 2024,GET,http://localhost:3000/users,404,Not Found,4,364,60
297,Sun Oct 06 22:47:11 IST 2024,Sun Oct 06 22:47:11 IST 2024,GET,http://localhost:3000/favicon.ico,404,Not Found,4,364,60
298,Sun Oct 06 22:47:11 IST 2024,Sun Oct 06 22:47:11 IST 2024,GET,http://localhost:3000/users?name=abc,404,Not Found,5,364,60
299,Sun Oct 06 22:47:11 IST 2024,Sun Oct 06 22:47:11 IST 2024,GET,http://localhost:3000/users/2,401,Unauthorized,2,414,76
300,Sun Oct 06 22:47:11 IST 2024,Sun Oct 06 22:47:11 IST 2024,GET,http://localhost:3000/favicon.ico,404,Not Found,4,364,60
301,Sun Oct 06 22:47:12 IST 2024,Sun Oct 06 22:47:12 IST 2024,GET,http://localhost:3000/users/2?name=abc,401,Unauthorized,2,414,76
302,Sun Oct 06 22:47:17 IST 2024,Sun Oct 06 22:47:17 IST 2024,POST,http://localhost:3000/login,429,Too Many Requests,3,372,58
303,Sun Oct 06 22:47:17 IST 2024,Sun Oct 06 22:47:17 IST 2024,POST,http://localhost:3000/login,429,Too Many Requests,2,372,58
304,Sun Oct 06 22:47:17 IST 2024,Sun Oct 06 22:47:17 IST 2024,POST,http://localhost:3000/login,429,Too Many Requests,1,372,58
305,Sun Oct 06 22:47:17 IST 2024,Sun Oct 06 22:47:17 IST 2024,POST,http://localhost:3000/login,429,Too Many Requests,0,372,58
306,Sun Oct 06 22:47:17 IST 2024,Sun Oct 06 22:47:17 IST 2024,POST,http://localhost:3000/login,429,Too Many Requests,3,372,58
307,Sun Oct 06 22:47:17 IST 2024,Sun Oct 06 22:47:17 IST 2024,POST,http://localhost:3000/login,429,Too Many Requests,1,372,58
308,Sun Oct 06 22:47:17 IST 2024,Sun Oct 06 22:47:17 IST 2024,POST,http://localhost:3000/login,429,Too Many Requests,1,372,58
309,Sun Oct 06 22:47:17 IST 2024,Sun Oct 06 22:47:17 IST 2024,POST,http://localhost:3000/login,429,Too Many Requests,2,372,58
310,Sun Oct 06 22:47:17 IST 2024,Sun Oct 06 22:47:17 IST 2024,POST,http://localhost:3000/login,429,Too Many Requests,1,372,58
311,Sun Oct 06 22:47:17 IST 2024,Sun Oct 06 22:47:17 IST 2024,POST,http://localhost:3000/login,429,Too Many Requests,2,372,58
312,Sun Oct 06 22:47:17 IST 2024,Sun Oct 06 22:47:17 IST 2024,POST,http://localhost:3000/login,429,Too Many Requests,1,372,58
313,Sun Oct 06 22:47:17 IST 2024,Sun Oct 06 22:47:17 IST 2024,POST,http://localhost:3000/login,429,Too Many Requests,1,372,58
314,Sun Oct 06 22:47:17 IST 2024,Sun Oct 06 22:47:17 IST 2024,POST,http://localhost:3000/login,429,Too Many Requests,1,372,58
315,Sun Oct 06 22:47:17 IST 2024,Sun Oct 06 22:47:17 IST 2024,POST,http://localhost:3000/login,429,Too Many Requests,1,372,58
316,Sun Oct 06 22:47:17 IST 2024,Sun Oct 06 22:47:17 IST 2024,POST,http://localhost:3000/login,429,Too Many Requests,2,372,58
317,Sun Oct 06 22:47:17 IST 2024,Sun Oct 06 22:47:17 IST 2024,POST,http://localhost:3000/login,429,Too Many Requests,2,372,58
318,Sun Oct 06 22:47:17 IST 2024,Sun Oct 06 22:47:17 IST 2024,POST,http://localhost:3000/login,429,Too Many Requests,1,372,58
319,Sun Oct 06 22:47:17 IST 2024,Sun Oct 06 22:47:17 IST 2024,POST,http://localhost:3000/login,429,Too Many Requests,1,372,58
320,Sun Oct 06 22:47:17 IST 2024,Sun Oct 06 22:47:17 IST 2024,POST,http://localhost:3000/login,429,Too Many Requests,1,372,58
321,Sun Oct 06 22:47:17 IST 2024,Sun Oct 06 22:47:17 IST 2024,POST,http://localhost:3000/login,429,Too Many Requests,2,372,58
322,Sun Oct 06 22:47:17 IST 2024,Sun Oct 06 22:47:18 IST 2024,GET,http://localhost:3000/login?class.module.classLoader.DefaultAssertionStatus=nonsense,404,Not Found,1285,364,60
323,Sun Oct 06 22:47:17 IST 2024,Sun Oct 06 22:47:18 IST 2024,GET,http://localhost:3000/login?class.module.classLoader.DefaultAssertionStatus=nonsense,404,Not Found,1288,364,60
324,Sun Oct 06 22:47:17 IST 2024,Sun Oct 06 22:47:18 IST 2024,GET,http://localhost:3000/robots.txt?class.module.classLoader.DefaultAssertionStatus=nonsense,404,Not Found,1292,364,60
325,Sun Oct 06 22:47:17 IST 2024,Sun Oct 06 22:47:18 IST 2024,GET,http://localhost:3000/users?class.module.classLoader.DefaultAssertionStatus=nonsense,404,Not Found,1304,364,60
326,Sun Oct 06 22:47:17 IST 2024,Sun Oct 06 22:47:18 IST 2024,GET,http://localhost:3000/sitemap.xml?class.module.classLoader.DefaultAssertionStatus=nonsense,404,Not Found,1308,364,60
327,Sun Oct 06 22:47:17 IST 2024,Sun Oct 06 22:47:18 IST 2024,GET,http://localhost:3000?class.module.classLoader.DefaultAssertionStatus=nonsense,400,Bad Request,1314,28,0
328,Sun Oct 06 22:47:18 IST 2024,Sun Oct 06 22:47:18 IST 2024,POST,http://localhost:3000/login,429,Too Many Requests,29,372,58
329,Sun Oct 06 22:47:18 IST 2024,Sun Oct 06 22:47:18 IST 2024,POST,http://localhost:3000/login,429,Too Many Requests,25,372,58
330,Sun Oct 06 22:47:18 IST 2024,Sun Oct 06 22:47:18 IST 2024,POST,http://localhost:3000/robots.txt,404,Not Found,24,364,60
331,Sun Oct 06 22:47:18 IST 2024,Sun Oct 06 22:47:18 IST 2024,POST,http://localhost:3000/users,404,Not Found,12,364,60
332,Sun Oct 06 22:47:18 IST 2024,Sun Oct 06 22:47:18 IST 2024,POST,http://localhost:3000/sitemap.xml,404,Not Found,16,364,60
333,Sun Oct 06 22:47:18 IST 2024,Sun Oct 06 22:47:18 IST 2024,GET,http://localhost:3000?aaa=bbb,400,Bad Request,14,28,0
334,Sun Oct 06 22:47:18 IST 2024,Sun Oct 06 22:47:18 IST 2024,POST,http://localhost:3000,404,Not Found,10,364,60
335,Sun Oct 06 22:47:17 IST 2024,Sun Oct 06 22:47:18 IST 2024,GET,http://localhost:3000/users/2?class.module.classLoader.DefaultAssertionStatus=nonsense,429,Too Many Requests,1363,372,58
336,Sun Oct 06 22:47:18 IST 2024,Sun Oct 06 22:47:18 IST 2024,POST,http://localhost:3000/users/2,404,Not Found,3,364,60
337,Sun Oct 06 22:47:17 IST 2024,Sun Oct 06 22:47:18 IST 2024,GET,http://localhost:3000/users/?class.module.classLoader.DefaultAssertionStatus=nonsense,429,Too Many Requests,1374,372,58
338,Sun Oct 06 22:47:18 IST 2024,Sun Oct 06 22:47:18 IST 2024,POST,http://localhost:3000/users/,404,Not Found,7,364,60
339,Sun Oct 06 22:47:18 IST 2024,Sun Oct 06 22:47:18 IST 2024,POST,http://localhost:3000/login,429,Too Many Requests,2,372,58
340,Sun Oct 06 22:47:18 IST 2024,Sun Oct 06 22:47:18 IST 2024,POST,http://localhost:3000/login,429,Too Many Requests,2,372,58
341,Sun Oct 06 22:47:18 IST 2024,Sun Oct 06 22:47:18 IST 2024,POST,http://localhost:3000/login,429,Too Many Requests,2,372,58
342,Sun Oct 06 22:47:18 IST 2024,Sun Oct 06 22:47:18 IST 2024,POST,http://localhost:3000/login,429,Too Many Requests,2,372,58
343,Sun Oct 06 22:47:18 IST 2024,Sun Oct 06 22:47:18 IST 2024,POST,http://localhost:3000/login,429,Too Many Requests,1,372,58
344,Sun Oct 06 22:47:18 IST 2024,Sun Oct 06 22:47:18 IST 2024,POST,http://localhost:3000/login,429,Too Many Requests,1,372,58
345,Sun Oct 06 22:47:18 IST 2024,Sun Oct 06 22:47:18 IST 2024,POST,http://localhost:3000/login,429,Too Many Requests,1,372,58
346,Sun Oct 06 22:47:18 IST 2024,Sun Oct 06 22:47:18 IST 2024,POST,http://localhost:3000/login,429,Too Many Requests,2,372,58
347,Sun Oct 06 22:47:18 IST 2024,Sun Oct 06 22:47:18 IST 2024,POST,http://localhost:3000/login,429,Too Many Requests,1,372,58
348,Sun Oct 06 22:47:18 IST 2024,Sun Oct 06 22:47:18 IST 2024,POST,http://localhost:3000/login,429,Too Many Requests,2,372,58
349,Sun Oct 06 22:47:18 IST 2024,Sun Oct 06 22:47:18 IST 2024,POST,http://localhost:3000/login,429,Too Many Requests,1,372,58
350,Sun Oct 06 22:47:18 IST 2024,Sun Oct 06 22:47:18 IST 2024,POST,http://localhost:3000/login,429,Too Many Requests,1,372,58
351,Sun Oct 06 22:47:18 IST 2024,Sun Oct 06 22:47:18 IST 2024,POST,http://localhost:3000/login,429,Too Many Requests,2,372,58
352,Sun Oct 06 22:47:18 IST 2024,Sun Oct 06 22:47:18 IST 2024,POST,http://localhost:3000/login,429,Too Many Requests,3,372,58
353,Sun Oct 06 22:47:18 IST 2024,Sun Oct 06 22:47:18 IST 2024,POST,http://localhost:3000/login,429,Too Many Requests,3,372,58
354,Sun Oct 06 22:47:18 IST 2024,Sun Oct 06 22:47:18 IST 2024,POST,http://localhost:3000/login,429,Too Many Requests,2,372,58
355,Sun Oct 06 22:47:18 IST 2024,Sun Oct 06 22:47:18 IST 2024,POST,http://localhost:3000/login,429,Too Many Requests,2,372,58
356,Sun Oct 06 22:47:18 IST 2024,Sun Oct 06 22:47:18 IST 2024,POST,http://localhost:3000/login,429,Too Many Requests,2,372,58
357,Sun Oct 06 22:47:18 IST 2024,Sun Oct 06 22:47:18 IST 2024,POST,http://localhost:3000/login,429,Too Many Requests,2,372,58
358,Sun Oct 06 22:47:18 IST 2024,Sun Oct 06 22:47:18 IST 2024,POST,http://localhost:3000/login,429,Too Many Requests,1,372,58
359,Sun Oct 06 22:47:18 IST 2024,Sun Oct 06 22:47:18 IST 2024,POST,http://localhost:3000/login,429,Too Many Requests,1,372,58
360,Sun Oct 06 22:47:18 IST 2024,Sun Oct 06 22:47:18 IST 2024,POST,http://localhost:3000/login,429,Too Many Requests,2,372,58
361,Sun Oct 06 22:47:18 IST 2024,Sun Oct 06 22:47:18 IST 2024,POST,http://localhost:3000/login,429,Too Many Requests,2,372,58
362,Sun Oct 06 22:47:18 IST 2024,Sun Oct 06 22:47:18 IST 2024,POST,http://localhost:3000/login,429,Too Many Requests,1,372,58
363,Sun Oct 06 22:47:18 IST 2024,Sun Oct 06 22:47:18 IST 2024,POST,http://localhost:3000/login,429,Too Many Requests,1,372,58
364,Sun Oct 06 22:47:18 IST 2024,Sun Oct 06 22:47:18 IST 2024,POST,http://localhost:3000/login,429,Too Many Requests,1,372,58
365,Sun Oct 06 22:47:18 IST 2024,Sun Oct 06 22:47:18 IST 2024,POST,http://localhost:3000/login,429,Too Many Requests,2,372,58
366,Sun Oct 06 22:47:18 IST 2024,Sun Oct 06 22:47:18 IST 2024,POST,http://localhost:3000/login,429,Too Many Requests,2,372,58
367,Sun Oct 06 22:47:18 IST 2024,Sun Oct 06 22:47:18 IST 2024,POST,http://localhost:3000/login,429,Too Many Requests,2,372,58
368,Sun Oct 06 22:47:18 IST 2024,Sun Oct 06 22:47:18 IST 2024,POST,http://localhost:3000/login,429,Too Many Requests,2,372,58
369,Sun Oct 06 22:47:18 IST 2024,Sun Oct 06 22:47:18 IST 2024,POST,http://localhost:3000/login,429,Too Many Requests,2,372,58
370,Sun Oct 06 22:47:18 IST 2024,Sun Oct 06 22:47:18 IST 2024,POST,http://localhost:3000/login,429,Too Many Requests,1,372,58
371,Sun Oct 06 22:47:18 IST 2024,Sun Oct 06 22:47:18 IST 2024,POST,http://localhost:3000/login,429,Too Many Requests,1,372,58
372,Sun Oct 06 22:47:18 IST 2024,Sun Oct 06 22:47:18 IST 2024,POST,http://localhost:3000/login,429,Too Many Requests,2,372,58
373,Sun Oct 06 22:47:18 IST 2024,Sun Oct 06 22:47:18 IST 2024,POST,http://localhost:3000/login,429,Too Many Requests,1,372,58
374,Sun Oct 06 22:47:18 IST 2024,Sun Oct 06 22:47:18 IST 2024,POST,http://localhost:3000/login,429,Too Many Requests,1,372,58
375,Sun Oct 06 22:47:18 IST 2024,Sun Oct 06 22:47:18 IST 2024,POST,http://localhost:3000/login,429,Too Many Requests,2,372,58
376,Sun Oct 06 22:47:18 IST 2024,Sun Oct 06 22:47:18 IST 2024,POST,http://localhost:3000/login,429,Too Many Requests,1,372,58
377,Sun Oct 06 22:47:18 IST 2024,Sun Oct 06 22:47:18 IST 2024,POST,http://localhost:3000/login,429,Too Many Requests,1,372,58
378,Sun Oct 06 22:47:18 IST 2024,Sun Oct 06 22:47:18 IST 2024,POST,http://localhost:3000/login,429,Too Many Requests,1,372,58
379,Sun Oct 06 22:47:18 IST 2024,Sun Oct 06 22:47:18 IST 2024,POST,http://localhost:3000/login,429,Too Many Requests,1,372,58
380,Sun Oct 06 22:47:18 IST 2024,Sun Oct 06 22:47:18 IST 2024,POST,http://localhost:3000/login,429,Too Many Requests,2,372,58
381,Sun Oct 06 22:47:18 IST 2024,Sun Oct 06 22:47:18 IST 2024,POST,http://localhost:3000/login,429,Too Many Requests,1,372,58
382,Sun Oct 06 22:47:18 IST 2024,Sun Oct 06 22:47:18 IST 2024,POST,http://localhost:3000/login,429,Too Many Requests,2,372,58
383,Sun Oct 06 22:47:18 IST 2024,Sun Oct 06 22:47:18 IST 2024,POST,http://localhost:3000/login,429,Too Many Requests,2,372,58
384,Sun Oct 06 22:47:18 IST 2024,Sun Oct 06 22:47:18 IST 2024,POST,http://localhost:3000/login,429,Too Many Requests,1,372,58
385,Sun Oct 06 22:47:18 IST 2024,Sun Oct 06 22:47:18 IST 2024,POST,http://localhost:3000/login,429,Too Many Requests,1,372,58
386,Sun Oct 06 22:47:18 IST 2024,Sun Oct 06 22:47:18 IST 2024,POST,http://localhost:3000/login,429,Too Many Requests,1,372,58
387,Sun Oct 06 22:47:18 IST 2024,Sun Oct 06 22:47:18 IST 2024,POST,http://localhost:3000/login,429,Too Many Requests,1,372,58
388,Sun Oct 06 22:47:18 IST 2024,Sun Oct 06 22:47:18 IST 2024,POST,http://localhost:3000/login,429,Too Many Requests,1,372,58
389,Sun Oct 06 22:47:18 IST 2024,Sun Oct 06 22:47:18 IST 2024,POST,http://localhost:3000/login,429,Too Many Requests,2,372,58
390,Sun Oct 06 22:47:18 IST 2024,Sun Oct 06 22:47:18 IST 2024,POST,http://localhost:3000/login,429,Too Many Requests,2,372,58
391,Sun Oct 06 22:47:18 IST 2024,Sun Oct 06 22:47:18 IST 2024,POST,http://localhost:3000/login,429,Too Many Requests,1,372,58
392,Sun Oct 06 22:47:18 IST 2024,Sun Oct 06 22:47:18 IST 2024,POST,http://localhost:3000/login,429,Too Many Requests,2,372,58
393,Sun Oct 06 22:47:18 IST 2024,Sun Oct 06 22:47:18 IST 2024,POST,http://localhost:3000/login,429,Too Many Requests,1,372,58
394,Sun Oct 06 22:47:18 IST 2024,Sun Oct 06 22:47:18 IST 2024,POST,http://localhost:3000/login,429,Too Many Requests,1,372,58
395,Sun Oct 06 22:47:18 IST 2024,Sun Oct 06 22:47:18 IST 2024,POST,http://localhost:3000/login,429,Too Many Requests,1,372,58
396,Sun Oct 06 22:47:18 IST 2024,Sun Oct 06 22:47:18 IST 2024,POST,http://localhost:3000/login,429,Too Many Requests,2,372,58
397,Sun Oct 06 22:47:18 IST 2024,Sun Oct 06 22:47:18 IST 2024,POST,http://localhost:3000/login,429,Too Many Requests,1,372,58
398,Sun Oct 06 22:47:18 IST 2024,Sun Oct 06 22:47:18 IST 2024,POST,http://localhost:3000/login,429,Too Many Requests,1,372,58
399,Sun Oct 06 22:47:18 IST 2024,Sun Oct 06 22:47:18 IST 2024,POST,http://localhost:3000/login,429,Too Many Requests,2,372,58
400,Sun Oct 06 22:47:18 IST 2024,Sun Oct 06 22:47:18 IST 2024,POST,http://localhost:3000/login,429,Too Many Requests,1,372,58
401,Sun Oct 06 22:47:18 IST 2024,Sun Oct 06 22:47:18 IST 2024,POST,http://localhost:3000/login,429,Too Many Requests,2,372,58
402,Sun Oct 06 22:47:18 IST 2024,Sun Oct 06 22:47:18 IST 2024,POST,http://localhost:3000/login,429,Too Many Requests,1,372,58
403,Sun Oct 06 22:47:18 IST 2024,Sun Oct 06 22:47:18 IST 2024,POST,http://localhost:3000/login,429,Too Many Requests,1,372,58
404,Sun Oct 06 22:47:18 IST 2024,Sun Oct 06 22:47:18 IST 2024,POST,http://localhost:3000/login,429,Too Many Requests,1,372,58
405,Sun Oct 06 22:47:18 IST 2024,Sun Oct 06 22:47:18 IST 2024,POST,http://localhost:3000/login,429,Too Many Requests,1,372,58
406,Sun Oct 06 22:47:18 IST 2024,Sun Oct 06 22:47:18 IST 2024,POST,http://localhost:3000/login,429,Too Many Requests,1,372,58
407,Sun Oct 06 22:47:18 IST 2024,Sun Oct 06 22:47:18 IST 2024,POST,http://localhost:3000/login,429,Too Many Requests,1,372,58
408,Sun Oct 06 22:47:18 IST 2024,Sun Oct 06 22:47:18 IST 2024,POST,http://localhost:3000/login,429,Too Many Requests,1,372,58
409,Sun Oct 06 22:47:18 IST 2024,Sun Oct 06 22:47:18 IST 2024,POST,http://localhost:3000/login,429,Too Many Requests,2,372,58
410,Sun Oct 06 22:47:18 IST 2024,Sun Oct 06 22:47:18 IST 2024,POST,http://localhost:3000/login,429,Too Many Requests,1,372,58
411,Sun Oct 06 22:47:18 IST 2024,Sun Oct 06 22:47:18 IST 2024,POST,http://localhost:3000/login,429,Too Many Requests,1,372,58
412,Sun Oct 06 22:47:18 IST 2024,Sun Oct 06 22:47:18 IST 2024,POST,http://localhost:3000/login,429,Too Many Requests,2,372,58
413,Sun Oct 06 22:47:18 IST 2024,Sun Oct 06 22:47:18 IST 2024,POST,http://localhost:3000/login,429,Too Many Requests,2,372,58
414,Sun Oct 06 22:47:18 IST 2024,Sun Oct 06 22:47:18 IST 2024,POST,http://localhost:3000/login,429,Too Many Requests,2,372,58
415,Sun Oct 06 22:47:18 IST 2024,Sun Oct 06 22:47:18 IST 2024,POST,http://localhost:3000/login,429,Too Many Requests,2,372,58
416,Sun Oct 06 22:47:18 IST 2024,Sun Oct 06 22:47:18 IST 2024,POST,http://localhost:3000/login,429,Too Many Requests,1,372,58
417,Sun Oct 06 22:47:18 IST 2024,Sun Oct 06 22:47:18 IST 2024,POST,http://localhost:3000/login,429,Too Many Requests,1,372,58
418,Sun Oct 06 22:47:18 IST 2024,Sun Oct 06 22:47:18 IST 2024,POST,http://localhost:3000/login,429,Too Many Requests,2,372,58
419,Sun Oct 06 22:47:18 IST 2024,Sun Oct 06 22:47:18 IST 2024,POST,http://localhost:3000/login,429,Too Many Requests,1,372,58
420,Sun Oct 06 22:47:18 IST 2024,Sun Oct 06 22:47:18 IST 2024,POST,http://localhost:3000/login,429,Too Many Requests,1,372,58
421,Sun Oct 06 22:47:18 IST 2024,Sun Oct 06 22:47:18 IST 2024,POST,http://localhost:3000/login,429,Too Many Requests,1,372,58
422,Sun Oct 06 22:47:18 IST 2024,Sun Oct 06 22:47:18 IST 2024,POST,http://localhost:3000/login,429,Too Many Requests,2,372,58
423,Sun Oct 06 22:47:18 IST 2024,Sun Oct 06 22:47:18 IST 2024,POST,http://localhost:3000/login,429,Too Many Requests,2,372,58
424,Sun Oct 06 22:47:18 IST 2024,Sun Oct 06 22:47:18 IST 2024,POST,http://localhost:3000/login,429,Too Many Requests,2,372,58
425,Sun Oct 06 22:47:18 IST 2024,Sun Oct 06 22:47:18 IST 2024,POST,http://localhost:3000/login,429,Too Many Requests,2,372,58
426,Sun Oct 06 22:47:18 IST 2024,Sun Oct 06 22:47:18 IST 2024,POST,http://localhost:3000/login,429,Too Many Requests,2,372,58
427,Sun Oct 06 22:47:18 IST 2024,Sun Oct 06 22:47:18 IST 2024,POST,http://localhost:3000/login,429,Too Many Requests,2,372,58
428,Sun Oct 06 22:47:18 IST 2024,Sun Oct 06 22:47:18 IST 2024,POST,http://localhost:3000/login,429,Too Many Requests,1,372,58
429,Sun Oct 06 22:47:18 IST 2024,Sun Oct 06 22:47:18 IST 2024,POST,http://localhost:3000/login,429,Too Many Requests,1,372,58
430,Sun Oct 06 22:47:18 IST 2024,Sun Oct 06 22:47:18 IST 2024,POST,http://localhost:3000/login,429,Too Many Requests,2,372,58
431,Sun Oct 06 22:47:18 IST 2024,Sun Oct 06 22:47:18 IST 2024,POST,http://localhost:3000/latest/meta-data/,404,Not Found,4,364,60
432,Sun Oct 06 22:47:18 IST 2024,Sun Oct 06 22:47:18 IST 2024,POST,http://localhost:3000/latest/meta-data/,404,Not Found,3,364,60
433,Sun Oct 06 22:47:18 IST 2024,Sun Oct 06 22:47:18 IST 2024,POST,http://localhost:3000/login,429,Too Many Requests,1,372,58
434,Sun Oct 06 22:47:18 IST 2024,Sun Oct 06 22:47:18 IST 2024,POST,http://localhost:3000/latest/meta-data/,404,Not Found,7,364,60
435,Sun Oct 06 22:47:18 IST 2024,Sun Oct 06 22:47:18 IST 2024,POST,http://localhost:3000/login,429,Too Many Requests,7,372,58
436,Sun Oct 06 22:47:18 IST 2024,Sun Oct 06 22:47:18 IST 2024,POST,http://localhost:3000/latest/meta-data/,404,Not Found,1,364,60
437,Sun Oct 06 22:47:18 IST 2024,Sun Oct 06 22:47:18 IST 2024,POST,http://localhost:3000/login,429,Too Many Requests,2,372,58
438,Sun Oct 06 22:47:18 IST 2024,Sun Oct 06 22:47:18 IST 2024,POST,http://localhost:3000/login,429,Too Many Requests,1,372,58
439,Sun Oct 06 22:47:18 IST 2024,Sun Oct 06 22:47:18 IST 2024,POST,http://localhost:3000/login,429,Too Many Requests,1,372,58
440,Sun Oct 06 22:47:19 IST 2024,Sun Oct 06 22:47:19 IST 2024,POST,http://localhost:3000/login,429,Too Many Requests,1,372,58
441,Sun Oct 06 22:47:19 IST 2024,Sun Oct 06 22:47:19 IST 2024,POST,http://localhost:3000/login,429,Too Many Requests,1,372,58
442,Sun Oct 06 22:47:19 IST 2024,Sun Oct 06 22:47:19 IST 2024,POST,http://localhost:3000/login,429,Too Many Requests,0,372,58
443,Sun Oct 06 22:47:19 IST 2024,Sun Oct 06 22:47:19 IST 2024,POST,http://localhost:3000/login,429,Too Many Requests,2,372,58
444,Sun Oct 06 22:47:19 IST 2024,Sun Oct 06 22:47:19 IST 2024,POST,http://localhost:3000/login,429,Too Many Requests,1,372,58
445,Sun Oct 06 22:47:19 IST 2024,Sun Oct 06 22:47:19 IST 2024,POST,http://localhost:3000/login,429,Too Many Requests,1,372,58
446,Sun Oct 06 22:47:19 IST 2024,Sun Oct 06 22:47:19 IST 2024,POST,http://localhost:3000/login,429,Too Many Requests,1,372,58
447,Sun Oct 06 22:47:19 IST 2024,Sun Oct 06 22:47:19 IST 2024,POST,http://localhost:3000/login,429,Too Many Requests,1,372,58
448,Sun Oct 06 22:47:19 IST 2024,Sun Oct 06 22:47:19 IST 2024,POST,http://localhost:3000/login,429,Too Many Requests,1,372,58
449,Sun Oct 06 22:47:19 IST 2024,Sun Oct 06 22:47:19 IST 2024,POST,http://localhost:3000/login,429,Too Many Requests,1,372,58
450,Sun Oct 06 22:47:19 IST 2024,Sun Oct 06 22:47:19 IST 2024,POST,http://localhost:3000/login,429,Too Many Requests,1,372,58
451,Sun Oct 06 22:47:19 IST 2024,Sun Oct 06 22:47:19 IST 2024,POST,http://localhost:3000/login,429,Too Many Requests,1,372,58
452,Sun Oct 06 22:47:19 IST 2024,Sun Oct 06 22:47:19 IST 2024,POST,http://localhost:3000/login,429,Too Many Requests,2,372,58
453,Sun Oct 06 22:47:19 IST 2024,Sun Oct 06 22:47:19 IST 2024,POST,http://localhost:3000/login,429,Too Many Requests,1,372,58
454,Sun Oct 06 22:47:19 IST 2024,Sun Oct 06 22:47:19 IST 2024,POST,http://localhost:3000/login,429,Too Many Requests,1,372,58
455,Sun Oct 06 22:47:19 IST 2024,Sun Oct 06 22:47:19 IST 2024,POST,http://localhost:3000/login,429,Too Many Requests,1,372,58
456,Sun Oct 06 22:47:19 IST 2024,Sun Oct 06 22:47:19 IST 2024,POST,http://localhost:3000/login,429,Too Many Requests,2,372,58
457,Sun Oct 06 22:47:19 IST 2024,Sun Oct 06 22:47:19 IST 2024,POST,http://localhost:3000/login,429,Too Many Requests,1,372,58
458,Sun Oct 06 22:47:19 IST 2024,Sun Oct 06 22:47:19 IST 2024,POST,http://localhost:3000/login,429,Too Many Requests,1,372,58
459,Sun Oct 06 22:47:19 IST 2024,Sun Oct 06 22:47:19 IST 2024,POST,http://localhost:3000/login,429,Too Many Requests,1,372,58
460,Sun Oct 06 22:47:19 IST 2024,Sun Oct 06 22:47:19 IST 2024,POST,http://localhost:3000/login,429,Too Many Requests,2,372,58
461,Sun Oct 06 22:47:19 IST 2024,Sun Oct 06 22:47:19 IST 2024,POST,http://localhost:3000/login,429,Too Many Requests,2,372,58
462,Sun Oct 06 22:47:19 IST 2024,Sun Oct 06 22:47:19 IST 2024,POST,http://localhost:3000/login,429,Too Many Requests,1,372,58
463,Sun Oct 06 22:47:19 IST 2024,Sun Oct 06 22:47:19 IST 2024,POST,http://localhost:3000/login,429,Too Many Requests,2,372,58
464,Sun Oct 06 22:47:19 IST 2024,Sun Oct 06 22:47:19 IST 2024,POST,http://localhost:3000/login,429,Too Many Requests,1,372,58
465,Sun Oct 06 22:47:19 IST 2024,Sun Oct 06 22:47:19 IST 2024,POST,http://localhost:3000/login,429,Too Many Requests,1,372,58
466,Sun Oct 06 22:47:19 IST 2024,Sun Oct 06 22:47:19 IST 2024,POST,http://localhost:3000/login,429,Too Many Requests,1,372,58
467,Sun Oct 06 22:47:19 IST 2024,Sun Oct 06 22:47:19 IST 2024,POST,http://localhost:3000/login,429,Too Many Requests,2,372,58
468,Sun Oct 06 22:47:19 IST 2024,Sun Oct 06 22:47:19 IST 2024,POST,http://localhost:3000/login,429,Too Many Requests,2,372,58
469,Sun Oct 06 22:47:19 IST 2024,Sun Oct 06 22:47:19 IST 2024,POST,http://localhost:3000/login,429,Too Many Requests,1,372,58
470,Sun Oct 06 22:47:19 IST 2024,Sun Oct 06 22:47:19 IST 2024,POST,http://localhost:3000/login,429,Too Many Requests,2,372,58
471,Sun Oct 06 22:47:19 IST 2024,Sun Oct 06 22:47:19 IST 2024,POST,http://localhost:3000/login,429,Too Many Requests,1,372,58
472,Sun Oct 06 22:47:19 IST 2024,Sun Oct 06 22:47:19 IST 2024,POST,http://localhost:3000/login,429,Too Many Requests,2,372,58
473,Sun Oct 06 22:47:19 IST 2024,Sun Oct 06 22:47:19 IST 2024,POST,http://localhost:3000/login,429,Too Many Requests,1,372,58
474,Sun Oct 06 22:47:19 IST 2024,Sun Oct 06 22:47:19 IST 2024,POST,http://localhost:3000/login,429,Too Many Requests,2,372,58
475,Sun Oct 06 22:47:19 IST 2024,Sun Oct 06 22:47:19 IST 2024,POST,http://localhost:3000/login,429,Too Many Requests,4,372,58
476,Sun Oct 06 22:47:19 IST 2024,Sun Oct 06 22:47:19 IST 2024,POST,http://localhost:3000/login,429,Too Many Requests,2,372,58
477,Sun Oct 06 22:47:19 IST 2024,Sun Oct 06 22:47:19 IST 2024,POST,http://localhost:3000/login,429,Too Many Requests,1,372,58
478,Sun Oct 06 22:47:19 IST 2024,Sun Oct 06 22:47:19 IST 2024,POST,http://localhost:3000/login,429,Too Many Requests,1,372,58
479,Sun Oct 06 22:47:19 IST 2024,Sun Oct 06 22:47:19 IST 2024,POST,http://localhost:3000/login,429,Too Many Requests,2,372,58
480,Sun Oct 06 22:47:19 IST 2024,Sun Oct 06 22:47:19 IST 2024,POST,http://localhost:3000/login,429,Too Many Requests,2,372,58
481,Sun Oct 06 22:47:19 IST 2024,Sun Oct 06 22:47:19 IST 2024,POST,http://localhost:3000/login,429,Too Many Requests,1,372,58
482,Sun Oct 06 22:47:19 IST 2024,Sun Oct 06 22:47:19 IST 2024,POST,http://localhost:3000/login,429,Too Many Requests,2,372,58
483,Sun Oct 06 22:47:19 IST 2024,Sun Oct 06 22:47:19 IST 2024,POST,http://localhost:3000/login,429,Too Many Requests,1,372,58
484,Sun Oct 06 22:47:19 IST 2024,Sun Oct 06 22:47:19 IST 2024,POST,http://localhost:3000/login,429,Too Many Requests,1,372,58
485,Sun Oct 06 22:47:19 IST 2024,Sun Oct 06 22:47:19 IST 2024,POST,http://localhost:3000/login,429,Too Many Requests,1,372,58
486,Sun Oct 06 22:47:19 IST 2024,Sun Oct 06 22:47:19 IST 2024,POST,http://localhost:3000/login,429,Too Many Requests,1,372,58
487,Sun Oct 06 22:47:19 IST 2024,Sun Oct 06 22:47:19 IST 2024,POST,http://localhost:3000/login/,404,Not Found,4,364,60
488,Sun Oct 06 22:47:19 IST 2024,Sun Oct 06 22:47:19 IST 2024,GET,http://localhost:3000/,404,Not Found,7,364,60
489,Sun Oct 06 22:47:19 IST 2024,Sun Oct 06 22:47:19 IST 2024,GET,http://localhost:3000/login/,404,Not Found,8,364,60
490,Sun Oct 06 22:47:19 IST 2024,Sun Oct 06 22:47:19 IST 2024,GET,http://localhost:3000/robots.txt/,404,Not Found,10,364,60
491,Sun Oct 06 22:47:19 IST 2024,Sun Oct 06 22:47:19 IST 2024,GET,http://localhost:3000/sitemap.xml/,404,Not Found,18,364,60
492,Sun Oct 06 22:47:19 IST 2024,Sun Oct 06 22:47:19 IST 2024,GET,http://localhost:3000/users/,401,Unauthorized,18,414,76
493,Sun Oct 06 22:47:19 IST 2024,Sun Oct 06 22:47:19 IST 2024,GET,http://localhost:3000/users/2/,404,Not Found,22,364,60
494,Sun Oct 06 22:47:19 IST 2024,Sun Oct 06 22:47:19 IST 2024,GET,http://localhost:3000/users/,429,Too Many Requests,44,372,58
495,Sun Oct 06 22:47:19 IST 2024,Sun Oct 06 22:47:19 IST 2024,POST,http://localhost:3000/login,429,Too Many Requests,2,372,58
496,Sun Oct 06 22:47:19 IST 2024,Sun Oct 06 22:47:19 IST 2024,POST,http://localhost:3000/login,429,Too Many Requests,2,372,58
497,Sun Oct 06 22:47:19 IST 2024,Sun Oct 06 22:47:19 IST 2024,POST,http://localhost:3000/login,429,Too Many Requests,1,372,58
498,Sun Oct 06 22:47:19 IST 2024,Sun Oct 06 22:47:19 IST 2024,POST,http://localhost:3000/login,429,Too Many Requests,1,372,58
499,Sun Oct 06 22:47:19 IST 2024,Sun Oct 06 22:47:19 IST 2024,POST,http://localhost:3000/login,429,Too Many Requests,2,372,58
500,Sun Oct 06 22:47:19 IST 2024,Sun Oct 06 22:47:19 IST 2024,POST,http://localhost:3000/login,429,Too Many Requests,3,372,58
501,Sun Oct 06 22:47:19 IST 2024,Sun Oct 06 22:47:19 IST 2024,POST,http://localhost:3000/login,429,Too Many Requests,1,372,58
502,Sun Oct 06 22:47:19 IST 2024,Sun Oct 06 22:47:19 IST 2024,POST,http://localhost:3000/login,429,Too Many Requests,1,372,58
503,Sun Oct 06 22:47:19 IST 2024,Sun Oct 06 22:47:19 IST 2024,POST,http://localhost:3000/login,429,Too Many Requests,1,372,58
504,Sun Oct 06 22:47:19 IST 2024,Sun Oct 06 22:47:19 IST 2024,POST,http://localhost:3000/login,429,Too Many Requests,3,372,58
505,Sun Oct 06 22:47:19 IST 2024,Sun Oct 06 22:47:19 IST 2024,POST,http://localhost:3000/login,429,Too Many Requests,1,372,58
506,Sun Oct 06 22:47:19 IST 2024,Sun Oct 06 22:47:19 IST 2024,POST,http://localhost:3000/login,429,Too Many Requests,1,372,58
507,Sun Oct 06 22:47:19 IST 2024,Sun Oct 06 22:47:19 IST 2024,POST,http://localhost:3000/login,429,Too Many Requests,2,372,58
508,Sun Oct 06 22:47:19 IST 2024,Sun Oct 06 22:47:19 IST 2024,POST,http://localhost:3000/login,429,Too Many Requests,1,372,58
509,Sun Oct 06 22:47:19 IST 2024,Sun Oct 06 22:47:19 IST 2024,POST,http://localhost:3000/login,429,Too Many Requests,1,372,58
510,Sun Oct 06 22:47:19 IST 2024,Sun Oct 06 22:47:19 IST 2024,POST,http://localhost:3000/login,429,Too Many Requests,2,372,58
511,Sun Oct 06 22:47:19 IST 2024,Sun Oct 06 22:47:19 IST 2024,POST,http://localhost:3000/login,429,Too Many Requests,1,372,58
512,Sun Oct 06 22:47:19 IST 2024,Sun Oct 06 22:47:19 IST 2024,POST,http://localhost:3000/login,429,Too Many Requests,2,372,58
513,Sun Oct 06 22:47:19 IST 2024,Sun Oct 06 22:47:19 IST 2024,POST,http://localhost:3000/login,429,Too Many Requests,1,372,58
514,Sun Oct 06 22:47:19 IST 2024,Sun Oct 06 22:47:19 IST 2024,POST,http://localhost:3000/login,429,Too Many Requests,1,372,58
515,Sun Oct 06 22:47:19 IST 2024,Sun Oct 06 22:47:19 IST 2024,POST,http://localhost:3000/login,429,Too Many Requests,1,372,58
516,Sun Oct 06 22:47:19 IST 2024,Sun Oct 06 22:47:19 IST 2024,POST,http://localhost:3000/login,429,Too Many Requests,1,372,58
517,Sun Oct 06 22:47:19 IST 2024,Sun Oct 06 22:47:19 IST 2024,POST,http://localhost:3000/login,429,Too Many Requests,1,372,58
518,Sun Oct 06 22:47:19 IST 2024,Sun Oct 06 22:47:19 IST 2024,POST,http://localhost:3000/login,429,Too Many Requests,2,372,58
519,Sun Oct 06 22:47:19 IST 2024,Sun Oct 06 22:47:19 IST 2024,GET,http://localhost:3000/elmah.axd,404,Not Found,4,364,60
520,Sun Oct 06 22:47:19 IST 2024,Sun Oct 06 22:47:19 IST 2024,GET,http://localhost:3000/trace.axd,404,Not Found,6,364,60
521,Sun Oct 06 22:47:19 IST 2024,Sun Oct 06 22:47:19 IST 2024,GET,http://localhost:3000/users/trace.axd,429,Too Many Requests,16,372,58
522,Sun Oct 06 22:47:19 IST 2024,Sun Oct 06 22:47:19 IST 2024,GET,http://localhost:3000/.htaccess,404,Not Found,2,364,60
523,Sun Oct 06 22:47:19 IST 2024,Sun Oct 06 22:47:19 IST 2024,GET,http://localhost:3000/users/.htaccess,429,Too Many Requests,230,372,58
524,Sun Oct 06 22:47:19 IST 2024,Sun Oct 06 22:47:19 IST 2024,GET,http://localhost:3000/.env,404,Not Found,3,364,60
525,Sun Oct 06 22:47:19 IST 2024,Sun Oct 06 22:47:19 IST 2024,GET,http://localhost:3000/users/.env,429,Too Many Requests,15,372,58
526,Sun Oct 06 22:47:19 IST 2024,Sun Oct 06 22:47:19 IST 2024,GET,http://localhost:3000/lfm.php,404,Not Found,3,364,60
527,Sun Oct 06 22:47:19 IST 2024,Sun Oct 06 22:47:19 IST 2024,GET,http://localhost:3000/actuator/health,404,Not Found,8,364,60
528,Sun Oct 06 22:47:19 IST 2024,Sun Oct 06 22:47:19 IST 2024,POST,http://localhost:3000/login,429,Too Many Requests,6,372,58
529,Sun Oct 06 22:47:19 IST 2024,Sun Oct 06 22:47:19 IST 2024,GET,http://localhost:3000/.idea/WebServers.xml,404,Not Found,11,364,60
530,Sun Oct 06 22:47:19 IST 2024,Sun Oct 06 22:47:19 IST 2024,GET,http://localhost:3000/actuator/health,404,Not Found,8,364,60
531,Sun Oct 06 22:47:19 IST 2024,Sun Oct 06 22:47:19 IST 2024,POST,http://localhost:3000/login,429,Too Many Requests,7,372,58
532,Sun Oct 06 22:47:19 IST 2024,Sun Oct 06 22:47:19 IST 2024,GET,http://localhost:3000/config/databases.yml,404,Not Found,13,364,60
533,Sun Oct 06 22:47:19 IST 2024,Sun Oct 06 22:47:19 IST 2024,POST,http://localhost:3000/login,429,Too Many Requests,11,372,58
534,Sun Oct 06 22:47:19 IST 2024,Sun Oct 06 22:47:19 IST 2024,GET,http://localhost:3000/config/database.yml,404,Not Found,2,364,60
535,Sun Oct 06 22:47:19 IST 2024,Sun Oct 06 22:47:19 IST 2024,POST,http://localhost:3000/login,429,Too Many Requests,2,372,58
536,Sun Oct 06 22:47:19 IST 2024,Sun Oct 06 22:47:19 IST 2024,GET,http://localhost:3000/.git/config,404,Not Found,7,364,60
537,Sun Oct 06 22:47:19 IST 2024,Sun Oct 06 22:47:19 IST 2024,POST,http://localhost:3000/login,429,Too Many Requests,7,372,58
538,Sun Oct 06 22:47:19 IST 2024,Sun Oct 06 22:47:19 IST 2024,GET,http://localhost:3000/.svn/entries,404,Not Found,3,364,60
539,Sun Oct 06 22:47:19 IST 2024,Sun Oct 06 22:47:19 IST 2024,POST,http://localhost:3000/login,429,Too Many Requests,3,372,58
540,Sun Oct 06 22:47:19 IST 2024,Sun Oct 06 22:47:19 IST 2024,GET,http://localhost:3000/.svn/wc.db,404,Not Found,4,364,60
541,Sun Oct 06 22:47:19 IST 2024,Sun Oct 06 22:47:19 IST 2024,POST,http://localhost:3000/login,429,Too Many Requests,4,372,58
542,Sun Oct 06 22:47:19 IST 2024,Sun Oct 06 22:47:19 IST 2024,GET,http://localhost:3000/CVS/root,404,Not Found,4,364,60
543,Sun Oct 06 22:47:19 IST 2024,Sun Oct 06 22:47:19 IST 2024,POST,http://localhost:3000/login,429,Too Many Requests,2,372,58
544,Sun Oct 06 22:47:19 IST 2024,Sun Oct 06 22:47:19 IST 2024,GET,http://localhost:3000/server-status,404,Not Found,3,364,60
545,Sun Oct 06 22:47:19 IST 2024,Sun Oct 06 22:47:19 IST 2024,POST,http://localhost:3000/login,429,Too Many Requests,3,372,58
546,Sun Oct 06 22:47:19 IST 2024,Sun Oct 06 22:47:19 IST 2024,GET,http://localhost:3000/core,404,Not Found,7,364,60
547,Sun Oct 06 22:47:19 IST 2024,Sun Oct 06 22:47:19 IST 2024,POST,http://localhost:3000/login,429,Too Many Requests,7,372,58
548,Sun Oct 06 22:47:19 IST 2024,Sun Oct 06 22:47:19 IST 2024,GET,http://localhost:3000/sftp-config.json,404,Not Found,2,364,60
549,Sun Oct 06 22:47:19 IST 2024,Sun Oct 06 22:47:19 IST 2024,POST,http://localhost:3000/login,429,Too Many Requests,3,372,58
550,Sun Oct 06 22:47:19 IST 2024,Sun Oct 06 22:47:19 IST 2024,GET,http://localhost:3000/WS_FTP.ini,404,Not Found,11,364,60
551,Sun Oct 06 22:47:19 IST 2024,Sun Oct 06 22:47:19 IST 2024,POST,http://localhost:3000/login,429,Too Many Requests,11,372,58
552,Sun Oct 06 22:47:19 IST 2024,Sun Oct 06 22:47:19 IST 2024,GET,http://localhost:3000/ws_ftp.ini,404,Not Found,3,364,60
553,Sun Oct 06 22:47:19 IST 2024,Sun Oct 06 22:47:19 IST 2024,GET,http://localhost:3000/WS_FTP.INI,404,Not Found,4,364,60
554,Sun Oct 06 22:47:19 IST 2024,Sun Oct 06 22:47:19 IST 2024,GET,http://localhost:3000/filezilla.xml,404,Not Found,6,364,60
555,Sun Oct 06 22:47:19 IST 2024,Sun Oct 06 22:47:19 IST 2024,GET,http://localhost:3000/sitemanager.xml,404,Not Found,2,364,60
556,Sun Oct 06 22:47:19 IST 2024,Sun Oct 06 22:47:19 IST 2024,GET,http://localhost:3000/FileZilla.xml,404,Not Found,5,364,60
557,Sun Oct 06 22:47:19 IST 2024,Sun Oct 06 22:47:19 IST 2024,GET,http://localhost:3000/winscp.ini,404,Not Found,7,364,60
558,Sun Oct 06 22:47:19 IST 2024,Sun Oct 06 22:47:19 IST 2024,GET,http://localhost:3000/WinSCP.ini,404,Not Found,3,364,60
559,Sun Oct 06 22:47:19 IST 2024,Sun Oct 06 22:47:19 IST 2024,GET,http://localhost:3000/.DS_Store,404,Not Found,2,364,60
560,Sun Oct 06 22:47:19 IST 2024,Sun Oct 06 22:47:19 IST 2024,GET,http://localhost:3000/.php_cs.cache,404,Not Found,8,364,60
561,Sun Oct 06 22:47:19 IST 2024,Sun Oct 06 22:47:19 IST 2024,GET,http://localhost:3000/DEADJOE,404,Not Found,4,364,60
562,Sun Oct 06 22:47:19 IST 2024,Sun Oct 06 22:47:19 IST 2024,GET,http://localhost:3000/sites/default/private/files/backup_migrate/scheduled/test.txt,404,Not Found,6,364,60
563,Sun Oct 06 22:47:19 IST 2024,Sun Oct 06 22:47:19 IST 2024,GET,http://localhost:3000/app/etc/local.xml,404,Not Found,7,364,60
564,Sun Oct 06 22:47:19 IST 2024,Sun Oct 06 22:47:19 IST 2024,GET,http://localhost:3000/server.key,404,Not Found,3,364,60
565,Sun Oct 06 22:47:19 IST 2024,Sun Oct 06 22:47:19 IST 2024,GET,http://localhost:3000/privatekey.key,404,Not Found,4,364,60
566,Sun Oct 06 22:47:19 IST 2024,Sun Oct 06 22:47:19 IST 2024,GET,http://localhost:3000/myserver.key,404,Not Found,7,364,60
567,Sun Oct 06 22:47:19 IST 2024,Sun Oct 06 22:47:19 IST 2024,GET,http://localhost:3000/key.pem,404,Not Found,6,364,60
568,Sun Oct 06 22:47:19 IST 2024,Sun Oct 06 22:47:20 IST 2024,GET,http://localhost:3000/id_rsa,404,Not Found,320,364,60
569,Sun Oct 06 22:47:20 IST 2024,Sun Oct 06 22:47:20 IST 2024,GET,http://localhost:3000/id_dsa,404,Not Found,4,364,60
570,Sun Oct 06 22:47:20 IST 2024,Sun Oct 06 22:47:20 IST 2024,GET,http://localhost:3000/.ssh/id_rsa,404,Not Found,1,364,60
571,Sun Oct 06 22:47:20 IST 2024,Sun Oct 06 22:47:20 IST 2024,GET,http://localhost:3000/.ssh/id_dsa,404,Not Found,6,364,60
572,Sun Oct 06 22:47:20 IST 2024,Sun Oct 06 22:47:20 IST 2024,GET,http://localhost:3000/adminer.php,404,Not Found,4,364,60
573,Sun Oct 06 22:47:20 IST 2024,Sun Oct 06 22:47:20 IST 2024,GET,http://localhost:3000/vb_test.php,404,Not Found,2,364,60
574,Sun Oct 06 22:47:20 IST 2024,Sun Oct 06 22:47:20 IST 2024,GET,http://localhost:3000/CHANGELOG.txt,404,Not Found,8,364,60
575,Sun Oct 06 22:47:20 IST 2024,Sun Oct 06 22:47:20 IST 2024,GET,http://localhost:3000/sites/default/files/.ht.sqlite,404,Not Found,3,364,60
576,Sun Oct 06 22:47:20 IST 2024,Sun Oct 06 22:47:20 IST 2024,GET,http://localhost:3000/composer.json,404,Not Found,3,364,60
577,Sun Oct 06 22:47:20 IST 2024,Sun Oct 06 22:47:20 IST 2024,GET,http://localhost:3000/composer.lock,404,Not Found,6,364,60
578,Sun Oct 06 22:47:20 IST 2024,Sun Oct 06 22:47:20 IST 2024,GET,http://localhost:3000/vim_settings.xml,404,Not Found,6,364,60
579,Sun Oct 06 22:47:20 IST 2024,Sun Oct 06 22:47:20 IST 2024,GET,http://localhost:3000/server-info,404,Not Found,3,364,60
580,Sun Oct 06 22:47:20 IST 2024,Sun Oct 06 22:47:20 IST 2024,GET,http://localhost:3000/phpinfo.php,404,Not Found,6,364,60
581,Sun Oct 06 22:47:20 IST 2024,Sun Oct 06 22:47:20 IST 2024,GET,http://localhost:3000/info.php,404,Not Found,4,364,60
582,Sun Oct 06 22:47:20 IST 2024,Sun Oct 06 22:47:20 IST 2024,GET,http://localhost:3000/i.php,404,Not Found,3,364,60
583,Sun Oct 06 22:47:20 IST 2024,Sun Oct 06 22:47:20 IST 2024,GET,http://localhost:3000/test.php,404,Not Found,10,364,60
584,Sun Oct 06 22:47:20 IST 2024,Sun Oct 06 22:47:20 IST 2024,GET,http://localhost:3000/_wpeprivate/config.json,404,Not Found,7,364,60
585,Sun Oct 06 22:47:20 IST 2024,Sun Oct 06 22:47:20 IST 2024,GET,http://localhost:3000/_framework/blazor.boot.json,404,Not Found,4,364,60
586,Sun Oct 06 22:47:20 IST 2024,Sun Oct 06 22:47:20 IST 2024,GET,http://localhost:3000/.hg,404,Not Found,2,364,60
587,Sun Oct 06 22:47:20 IST 2024,Sun Oct 06 22:47:20 IST 2024,GET,http://localhost:3000/.bzr,404,Not Found,4,364,60
588,Sun Oct 06 22:47:20 IST 2024,Sun Oct 06 22:47:20 IST 2024,GET,http://localhost:3000/._darcs,404,Not Found,13,364,60
589,Sun Oct 06 22:47:20 IST 2024,Sun Oct 06 22:47:20 IST 2024,GET,http://localhost:3000/BitKeeper,404,Not Found,5,364,60
590,Sun Oct 06 22:47:20 IST 2024,Sun Oct 06 22:47:20 IST 2024,POST,http://localhost:3000/login,429,Too Many Requests,2,372,58
591,Sun Oct 06 22:47:20 IST 2024,Sun Oct 06 22:47:20 IST 2024,GET,http://localhost:3000,404,Not Found,5,364,60
593,Sun Oct 06 22:47:20 IST 2024,Sun Oct 06 22:47:20 IST 2024,GET,http://localhost:3000/login,404,Not Found,8,364,60
594,Sun Oct 06 22:47:20 IST 2024,Sun Oct 06 22:47:20 IST 2024,GET,http://localhost:3000/robots.txt,404,Not Found,12,364,60
595,Sun Oct 06 22:47:20 IST 2024,Sun Oct 06 22:47:20 IST 2024,GET,http://localhost:3000/sitemap.xml,404,Not Found,13,364,60
596,Sun Oct 06 22:47:20 IST 2024,Sun Oct 06 22:47:20 IST 2024,GET,http://localhost:3000/users,404,Not Found,19,364,60
597,Sun Oct 06 22:47:20 IST 2024,Sun Oct 06 22:47:20 IST 2024,GET,http://localhost:3000,404,Not Found,27,364,60
598,Sun Oct 06 22:47:20 IST 2024,Sun Oct 06 22:47:20 IST 2024,GET,http://localhost:3000/login,404,Not Found,26,364,60
599,Sun Oct 06 22:47:20 IST 2024,Sun Oct 06 22:47:20 IST 2024,GET,http://localhost:3000/robots.txt,404,Not Found,26,364,60
600,Sun Oct 06 22:47:20 IST 2024,Sun Oct 06 22:47:20 IST 2024,GET,http://localhost:3000/sitemap.xml,404,Not Found,25,364,60
601,Sun Oct 06 22:47:20 IST 2024,Sun Oct 06 22:47:20 IST 2024,GET,http://localhost:3000/users,404,Not Found,26,364,60
602,Sun Oct 06 22:47:20 IST 2024,Sun Oct 06 22:47:20 IST 2024,GET,http://localhost:3000,404,Not Found,15,364,60
603,Sun Oct 06 22:47:20 IST 2024,Sun Oct 06 22:47:20 IST 2024,GET,http://localhost:3000/users/,429,Too Many Requests,48,372,58
605,Sun Oct 06 22:47:20 IST 2024,Sun Oct 06 22:47:20 IST 2024,GET,http://localhost:3000/login,404,Not Found,16,364,60
606,Sun Oct 06 22:47:20 IST 2024,Sun Oct 06 22:47:20 IST 2024,GET,http://localhost:3000/robots.txt,404,Not Found,17,364,60
607,Sun Oct 06 22:47:20 IST 2024,Sun Oct 06 22:47:20 IST 2024,GET,http://localhost:3000/users/2,429,Too Many Requests,62,372,58
609,Sun Oct 06 22:47:20 IST 2024,Sun Oct 06 22:47:20 IST 2024,GET,http://localhost:3000/sitemap.xml,404,Not Found,28,364,60
610,Sun Oct 06 22:47:20 IST 2024,Sun Oct 06 22:47:20 IST 2024,GET,http://localhost:3000/users,404,Not Found,25,364,60
611,Sun Oct 06 22:47:20 IST 2024,Sun Oct 06 22:47:20 IST 2024,GET,http://localhost:3000,404,Not Found,34,364,60
612,Sun Oct 06 22:47:20 IST 2024,Sun Oct 06 22:47:20 IST 2024,GET,http://localhost:3000/login,404,Not Found,32,364,60
613,Sun Oct 06 22:47:20 IST 2024,Sun Oct 06 22:47:20 IST 2024,GET,http://localhost:3000/robots.txt,404,Not Found,33,364,60
614,Sun Oct 06 22:47:20 IST 2024,Sun Oct 06 22:47:20 IST 2024,POST,http://localhost:3000/login,429,Too Many Requests,65,372,58
616,Sun Oct 06 22:47:20 IST 2024,Sun Oct 06 22:47:20 IST 2024,GET,http://localhost:3000/sitemap.xml,404,Not Found,24,364,60
617,Sun Oct 06 22:47:20 IST 2024,Sun Oct 06 22:47:20 IST 2024,GET,http://localhost:3000/users,404,Not Found,24,364,60
618,Sun Oct 06 22:47:20 IST 2024,Sun Oct 06 22:47:20 IST 2024,GET,http://localhost:3000,404,Not Found,17,364,60
619,Sun Oct 06 22:47:20 IST 2024,Sun Oct 06 22:47:20 IST 2024,GET,http://localhost:3000/login,404,Not Found,21,364,60
620,Sun Oct 06 22:47:20 IST 2024,Sun Oct 06 22:47:20 IST 2024,GET,http://localhost:3000/robots.txt,404,Not Found,19,364,60
621,Sun Oct 06 22:47:20 IST 2024,Sun Oct 06 22:47:20 IST 2024,GET,http://localhost:3000/sitemap.xml,404,Not Found,19,364,60
622,Sun Oct 06 22:47:20 IST 2024,Sun Oct 06 22:47:20 IST 2024,GET,http://localhost:3000/users,404,Not Found,18,364,60
623,Sun Oct 06 22:47:20 IST 2024,Sun Oct 06 22:47:20 IST 2024,GET,http://localhost:3000,404,Not Found,13,364,60
624,Sun Oct 06 22:47:20 IST 2024,Sun Oct 06 22:47:20 IST 2024,GET,http://localhost:3000/login,404,Not Found,11,364,60
625,Sun Oct 06 22:47:20 IST 2024,Sun Oct 06 22:47:20 IST 2024,GET,http://localhost:3000/robots.txt,404,Not Found,12,364,60
626,Sun Oct 06 22:47:20 IST 2024,Sun Oct 06 22:47:20 IST 2024,GET,http://localhost:3000/users/,429,Too Many Requests,52,372,58
628,Sun Oct 06 22:47:20 IST 2024,Sun Oct 06 22:47:20 IST 2024,GET,http://localhost:3000/users/2,429,Too Many Requests,47,372,58
630,Sun Oct 06 22:47:20 IST 2024,Sun Oct 06 22:47:20 IST 2024,GET,http://localhost:3000/sitemap.xml,404,Not Found,16,364,60
631,Sun Oct 06 22:47:20 IST 2024,Sun Oct 06 22:47:20 IST 2024,GET,http://localhost:3000/users,404,Not Found,17,364,60
632,Sun Oct 06 22:47:20 IST 2024,Sun Oct 06 22:47:20 IST 2024,GET,http://localhost:3000,404,Not Found,19,364,60
633,Sun Oct 06 22:47:20 IST 2024,Sun Oct 06 22:47:20 IST 2024,POST,http://localhost:3000/login,429,Too Many Requests,16,372,58
635,Sun Oct 06 22:47:20 IST 2024,Sun Oct 06 22:47:20 IST 2024,GET,http://localhost:3000/login,404,Not Found,19,364,60
636,Sun Oct 06 22:47:20 IST 2024,Sun Oct 06 22:47:20 IST 2024,GET,http://localhost:3000/robots.txt,404,Not Found,19,364,60
637,Sun Oct 06 22:47:20 IST 2024,Sun Oct 06 22:47:20 IST 2024,GET,http://localhost:3000/sitemap.xml,404,Not Found,14,364,60
638,Sun Oct 06 22:47:20 IST 2024,Sun Oct 06 22:47:20 IST 2024,GET,http://localhost:3000/users,404,Not Found,15,364,60
639,Sun Oct 06 22:47:20 IST 2024,Sun Oct 06 22:47:20 IST 2024,GET,http://localhost:3000,404,Not Found,12,364,60
640,Sun Oct 06 22:47:20 IST 2024,Sun Oct 06 22:47:20 IST 2024,GET,http://localhost:3000/login,404,Not Found,16,364,60
641,Sun Oct 06 22:47:20 IST 2024,Sun Oct 06 22:47:20 IST 2024,GET,http://localhost:3000/robots.txt,404,Not Found,17,364,60
642,Sun Oct 06 22:47:20 IST 2024,Sun Oct 06 22:47:20 IST 2024,GET,http://localhost:3000/sitemap.xml,404,Not Found,16,364,60
643,Sun Oct 06 22:47:20 IST 2024,Sun Oct 06 22:47:20 IST 2024,GET,http://localhost:3000/users,404,Not Found,16,364,60
644,Sun Oct 06 22:47:20 IST 2024,Sun Oct 06 22:47:20 IST 2024,GET,http://localhost:3000,404,Not Found,16,364,60
645,Sun Oct 06 22:47:20 IST 2024,Sun Oct 06 22:47:20 IST 2024,GET,http://localhost:3000/login,404,Not Found,13,364,60
646,Sun Oct 06 22:47:20 IST 2024,Sun Oct 06 22:47:20 IST 2024,POST,http://localhost:3000/login,429,Too Many Requests,17,372,58
648,Sun Oct 06 22:47:20 IST 2024,Sun Oct 06 22:47:20 IST 2024,GET,http://localhost:3000/robots.txt,404,Not Found,16,364,60
649,Sun Oct 06 22:47:20 IST 2024,Sun Oct 06 22:47:20 IST 2024,GET,http://localhost:3000/sitemap.xml,404,Not Found,16,364,60
650,Sun Oct 06 22:47:20 IST 2024,Sun Oct 06 22:47:20 IST 2024,GET,http://localhost:3000/users,404,Not Found,16,364,60
651,Sun Oct 06 22:47:20 IST 2024,Sun Oct 06 22:47:20 IST 2024,GET,http://localhost:3000,404,Not Found,19,364,60
652,Sun Oct 06 22:47:20 IST 2024,Sun Oct 06 22:47:20 IST 2024,GET,http://localhost:3000/login,404,Not Found,16,364,60
653,Sun Oct 06 22:47:20 IST 2024,Sun Oct 06 22:47:20 IST 2024,GET,http://localhost:3000/robots.txt,404,Not Found,12,364,60
654,Sun Oct 06 22:47:20 IST 2024,Sun Oct 06 22:47:20 IST 2024,GET,http://localhost:3000/sitemap.xml,404,Not Found,12,364,60
655,Sun Oct 06 22:47:20 IST 2024,Sun Oct 06 22:47:20 IST 2024,GET,http://localhost:3000/users,404,Not Found,11,364,60
656,Sun Oct 06 22:47:20 IST 2024,Sun Oct 06 22:47:20 IST 2024,GET,http://localhost:3000/users/,429,Too Many Requests,36,372,58
658,Sun Oct 06 22:47:20 IST 2024,Sun Oct 06 22:47:20 IST 2024,GET,http://localhost:3000/users/2,429,Too Many Requests,41,372,58
660,Sun Oct 06 22:47:20 IST 2024,Sun Oct 06 22:47:20 IST 2024,GET,http://localhost:3000,404,Not Found,19,364,60
661,Sun Oct 06 22:47:20 IST 2024,Sun Oct 06 22:47:20 IST 2024,GET,http://localhost:3000/login,404,Not Found,17,364,60
662,Sun Oct 06 22:47:20 IST 2024,Sun Oct 06 22:47:20 IST 2024,GET,http://localhost:3000/robots.txt,404,Not Found,19,364,60
663,Sun Oct 06 22:47:20 IST 2024,Sun Oct 06 22:47:20 IST 2024,GET,http://localhost:3000/sitemap.xml,404,Not Found,20,364,60
664,Sun Oct 06 22:47:20 IST 2024,Sun Oct 06 22:47:20 IST 2024,GET,http://localhost:3000/users,404,Not Found,26,364,60
665,Sun Oct 06 22:47:20 IST 2024,Sun Oct 06 22:47:20 IST 2024,GET,http://localhost:3000,404,Not Found,17,364,60
666,Sun Oct 06 22:47:20 IST 2024,Sun Oct 06 22:47:20 IST 2024,GET,http://localhost:3000/login,404,Not Found,19,364,60
667,Sun Oct 06 22:47:20 IST 2024,Sun Oct 06 22:47:20 IST 2024,POST,http://localhost:3000/login,429,Too Many Requests,18,372,58
669,Sun Oct 06 22:47:20 IST 2024,Sun Oct 06 22:47:20 IST 2024,GET,http://localhost:3000/robots.txt,404,Not Found,24,364,60
670,Sun Oct 06 22:47:20 IST 2024,Sun Oct 06 22:47:20 IST 2024,GET,http://localhost:3000/sitemap.xml,404,Not Found,23,364,60
671,Sun Oct 06 22:47:20 IST 2024,Sun Oct 06 22:47:20 IST 2024,GET,http://localhost:3000/users,404,Not Found,20,364,60
672,Sun Oct 06 22:47:20 IST 2024,Sun Oct 06 22:47:20 IST 2024,GET,http://localhost:3000/users/2,429,Too Many Requests,34,372,58
674,Sun Oct 06 22:47:20 IST 2024,Sun Oct 06 22:47:20 IST 2024,GET,http://localhost:3000/users/,429,Too Many Requests,37,372,58
676,Sun Oct 06 22:47:20 IST 2024,Sun Oct 06 22:47:20 IST 2024,POST,http://localhost:3000/login,429,Too Many Requests,2,372,58
678,Sun Oct 06 22:47:20 IST 2024,Sun Oct 06 22:47:20 IST 2024,POST,http://localhost:3000/login,429,Too Many Requests,2,372,58
680,Sun Oct 06 22:47:20 IST 2024,Sun Oct 06 22:47:20 IST 2024,POST,http://localhost:3000/login,429,Too Many Requests,1,372,58
682,Sun Oct 06 22:47:20 IST 2024,Sun Oct 06 22:47:20 IST 2024,POST,http://localhost:3000/login,429,Too Many Requests,2,372,58
684,Sun Oct 06 22:47:20 IST 2024,Sun Oct 06 22:47:20 IST 2024,POST,http://localhost:3000/login,429,Too Many Requests,2,372,58
686,Sun Oct 06 22:47:20 IST 2024,Sun Oct 06 22:47:20 IST 2024,POST,http://localhost:3000/login,429,Too Many Requests,3,372,58
688,Sun Oct 06 22:47:20 IST 2024,Sun Oct 06 22:47:20 IST 2024,POST,http://localhost:3000/login,429,Too Many Requests,1,372,58
690,Sun Oct 06 22:47:20 IST 2024,Sun Oct 06 22:47:20 IST 2024,GET,http://localhost:3000/users/,429,Too Many Requests,232,372,58
692,Sun Oct 06 22:47:20 IST 2024,Sun Oct 06 22:47:20 IST 2024,GET,http://localhost:3000/users/2,429,Too Many Requests,234,372,58
694,Sun Oct 06 22:47:20 IST 2024,Sun Oct 06 22:47:20 IST 2024,GET,http://localhost:3000/users/,429,Too Many Requests,10,372,58
696,Sun Oct 06 22:47:20 IST 2024,Sun Oct 06 22:47:20 IST 2024,GET,http://localhost:3000/users/2,429,Too Many Requests,18,372,58
698,Sun Oct 06 22:47:20 IST 2024,Sun Oct 06 22:47:20 IST 2024,GET,http://localhost:3000/users/,429,Too Many Requests,21,372,58
700,Sun Oct 06 22:47:20 IST 2024,Sun Oct 06 22:47:20 IST 2024,GET,http://localhost:3000/users/2,429,Too Many Requests,25,372,58
702,Sun Oct 06 22:47:20 IST 2024,Sun Oct 06 22:47:20 IST 2024,GET,http://localhost:3000/users/,429,Too Many Requests,13,372,58
704,Sun Oct 06 22:47:20 IST 2024,Sun Oct 06 22:47:20 IST 2024,GET,http://localhost:3000/users/2,429,Too Many Requests,18,372,58
706,Sun Oct 06 22:47:20 IST 2024,Sun Oct 06 22:47:20 IST 2024,GET,http://localhost:3000/users/,429,Too Many Requests,232,372,58
708,Sun Oct 06 22:47:20 IST 2024,Sun Oct 06 22:47:20 IST 2024,GET,http://localhost:3000/users/2,429,Too Many Requests,234,372,58
710,Sun Oct 06 22:47:21 IST 2024,Sun Oct 06 22:47:21 IST 2024,GET,http://localhost:3000/users/2,429,Too Many Requests,14,372,58
712,Sun Oct 06 22:47:21 IST 2024,Sun Oct 06 22:47:21 IST 2024,GET,http://localhost:3000/users/,429,Too Many Requests,16,372,58
714,Sun Oct 06 22:47:21 IST 2024,Sun Oct 06 22:47:21 IST 2024,GET,http://localhost:3000/users/,429,Too Many Requests,231,372,58
716,Sun Oct 06 22:47:21 IST 2024,Sun Oct 06 22:47:21 IST 2024,GET,http://localhost:3000/users/2,429,Too Many Requests,234,372,58
718,Sun Oct 06 22:47:21 IST 2024,Sun Oct 06 22:47:21 IST 2024,GET,http://localhost:3000/users/2,429,Too Many Requests,12,372,58
720,Sun Oct 06 22:47:21 IST 2024,Sun Oct 06 22:47:21 IST 2024,GET,http://localhost:3000/users/,429,Too Many Requests,17,372,58
